#{"t_start": 1787247392.574522, "env_id": "None"}
r,l,t
-10.0,1,11.178361
-69.6,1,11.18373
-48.6,1,11.187371
-10.0,7,11.20481
-54.9,1,11.218926
-10.0,1,11.225292
-29.7,1,11.231369
-70.8,1,11.239548
-10.0,1,11.26403
-10.0,1,11.270004
-30.6,1,11.275172
-87.0,1,11.281295
-48.6,1,11.292577
-10.0,1,11.296342
-10.0,2,11.303498
-10.0,1,11.307167
-69.3,2,11.31839
-10.0,1,11.323844
-67.2,1,11.327486
-10.0,2,11.334498
-10.0,1,11.346062
-10.0,1,11.35038
-10.0,3,11.365638
-42.0,2,11.370291
-40.5,3,11.383782
-68.1,1,11.388279
-67.2,1,11.392467
-10.0,5,11.402713
-30.9,1,11.412612
-48.6,1,11.418187
-40.8,2,11.424328
-10.0,1,11.428945
-45.0,1,11.43755
-38.1,1,11.442507
-10.0,1,11.447652
-10.0,1,11.452131
-10.0,1,11.462083
-42.9,1,11.468368
-10.0,1,11.472961
-10.0,1,11.476359
-49.5,1,11.486725
-10.0,1,11.493041
-10.0,1,11.497759
-10.0,1,11.504269
-42.3,1,11.515146
-10.0,1,11.520666
-42.9,2,11.52766
-10.0,1,11.533503
-10.0,1,11.542605
-38.7,1,11.550819
-30.9,1,11.555367
-22.8,2,11.559976
-48.9,1,11.570058
-10.0,1,11.576782
-10.0,1,11.580752
-10.0,2,11.585426
-42.9,1,11.597311
-93.3,1,11.601212
-10.0,1,11.605811
-45.3,1,11.609622
-10.0,3,11.622576
-93.3,1,11.626279
-47.1,1,11.631336
-23.1,1,11.636851
-10.0,1,11.645645
-38.7,1,11.651566
-10.0,2,11.657403
-10.0,3,11.665122
-41.1,1,11.677689
-42.6,3,11.684179
-10.0,1,11.687585
-42.0,1,11.693279
-10.0,1,11.703819
-10.0,3,11.734691
-10.0,1,11.740278
-10.0,3,11.753847
-29.7,1,11.769132
-62.1,1,11.776361
-10.0,2,11.791447
-32.1,1,11.798422
-10.0,1,11.81033
-10.0,1,11.816138
-10.0,1,11.825557
-10.0,2,11.831524
-48.3,2,11.855525
-36.3,1,11.860021
-10.0,1,11.866
-10.0,2,11.877615
-30.6,2,11.893838
-41.1,1,11.899572
-10.0,1,11.912859
-10.0,2,11.91996
-10.0,1,11.932817
-10.0,1,11.943521
-10.0,2,11.949998
-10.0,1,11.953316
-65.1,2,11.972663
-45.0,1,11.977971
-42.6,2,11.991643
-64.8,1,11.996949
-10.0,1,12.012487
-10.0,1,12.017706
-42.0,1,12.030745
-28.8,1,12.034458
-40.2,1,12.044689
-10.0,1,12.049546
-29.4,2,12.06196
-40.8,2,12.067983
-10.0,1,12.090714
-43.2,1,12.095575
-28.8,1,12.09965
-10.0,1,12.105049
-38.1,1,12.127239
-10.0,1,12.133832
-30.6,2,12.140529
-10.0,1,12.150508
-10.0,1,12.162742
-28.8,1,12.166343
-30.9,1,12.170898
-41.1,1,12.182833
-28.8,1,12.197469
-10.0,2,12.205063
-44.4,2,12.218287
-10.0,2,12.223588
-10.0,1,12.245714
-10.0,1,12.248984
-10.0,1,12.252275
-10.0,1,12.256267
-10.0,4,12.278068
-10.0,1,12.289103
-10.0,1,12.293835
-10.0,1,12.299302
-10.0,2,12.321197
-10.0,1,12.327302
-10.0,3,12.339263
-10.0,2,12.351597
-10.0,1,12.363884
-10.0,1,12.375143
-69.6,1,12.382832
-56.1,3,12.41661
-10.0,1,12.536769
-36.9,1,12.544991
-10.0,1,12.555042
-31.2,1,12.620114
-10.0,1,12.643114
-31.8,2,12.657466
-10.0,3,12.683509
-10.0,1,12.689409
-10.0,2,12.713187
-10.0,1,12.719907
-65.1,2,12.7331
-46.8,1,12.738977
-69.6,1,12.751052
-36.9,1,12.75615
-10.0,2,12.769684
-10.0,1,12.774463
-10.0,2,12.798346
-10.0,1,12.80475
-70.5,2,12.810208
-48.9,1,12.82444
-10.0,2,12.854537
-10.0,1,12.864208
-10.0,4,12.884268
-43.8,2,12.899624
-10.0,1,12.915542
-10.0,1,12.92056
-28.2,3,12.938389
-10.0,1,12.943604
-29.7,1,12.971919
-43.2,2,12.977661
-33.6,1,12.983123
-34.2,2,12.997618
-10.0,2,13.014558
-10.0,1,13.03089
-30.9,2,13.039206
-10.0,1,13.045928
-10.0,7,13.1035
-10.0,5,13.1244
-10.0,2,13.141413
-48.6,1,13.146435
-10.0,2,13.176465
-31.2,1,13.183116
-10.0,1,13.188937
-10.0,2,13.207122
-48.3,2,13.228844
-70.8,1,13.245612
-35.4,2,13.273903
-38.1,1,13.282976
-45.0,1,13.301202
-10.0,1,13.326894
-10.0,2,13.335218
-85.5,1,13.344093
-10.0,1,13.390992
-10.0,1,13.397316
-48.6,1,13.404356
-31.5,1,13.410521
-35.4,2,13.453709
-49.5,2,13.461185
-10.0,2,13.482744
-10.0,1,13.490588
-10.0,2,13.523692
-54.0,1,13.535768
-10.0,2,13.546059
-10.0,1,13.57097
-30.6,2,13.602544
-10.0,1,13.616005
-10.0,1,13.644991
-31.2,1,13.655777
-10.0,1,13.681272
-10.0,1,13.689606
-45.9,4,13.726113
-60.6,5,13.767775
-45.3,1,13.79076
-10.0,2,13.809393
-10.0,1,13.832387
-62.1,1,13.838212
-10.0,1,13.858956
-10.0,1,13.868691
-10.0,4,13.8942
-34.5,1,13.916111
-31.8,2,13.940007
-38.7,1,13.953401
-48.6,1,13.975532
-38.4,1,13.98099
-30.9,2,14.003134
-48.6,1,14.023433
-10.0,1,14.032857
-10.0,1,14.040577
-10.0,1,14.061056
-10.0,3,14.083798
-46.5,2,14.102868
-10.0,1,14.108964
-30.9,1,14.12633
-10.0,1,14.134801
-31.2,2,14.150816
-62.4,1,14.157964
-44.1,1,14.173073
-41.1,1,14.187762
-10.0,1,14.194797
-10.0,1,14.202626
-10.0,5,14.234837
-10.0,2,14.252806
-10.0,2,14.260545
-42.3,1,14.274479
-10.0,2,14.295336
-45.3,1,14.302743
-10.0,1,14.318583
-10.0,1,14.327576
-10.0,1,14.344685
-44.4,1,14.351585
-10.0,1,14.373085
-10.0,1,14.379588
-42.9,2,14.399462
-10.0,3,14.419918
-10.0,2,14.443404
-10.0,1,14.45523
-10.0,2,14.481341
-33.6,1,14.504446
-10.0,1,14.51951
-10.0,1,14.530357
-56.7,1,14.558908
-54.0,1,14.596976
-10.0,1,14.605792
-66.9,2,14.622206
-10.0,1,14.657724
-10.0,3,14.674872
-62.4,1,14.693771
-10.0,1,14.702196
-61.5,1,14.726294
-33.0,3,14.753599
-10.0,1,14.764318
-43.2,2,14.784473
-44.1,1,14.804342
-48.6,2,14.820813
-10.0,1,14.841761
-10.0,1,14.850438
-10.0,1,14.872313
-85.5,1,14.882525
-69.6,1,14.899497
-10.0,1,14.907019
-10.0,2,14.930995
-66.9,2,14.947722
-10.0,1,14.95435
-36.3,1,14.960348
-38.1,2,14.988058
-41.1,1,14.994242
-10.0,1,15.001626
-46.8,1,15.018593
-10.0,1,15.033259
-10.0,1,15.041318
-64.8,3,15.060319
-25.2,1,15.065543
-69.6,1,15.079656
-10.0,1,15.09324
-10.0,3,15.102626
-72.6,1,15.116342
-10.0,1,15.132049
-10.0,2,15.1409
-10.0,1,15.153876
-71.7,4,15.170325
-10.0,2,15.189641
-10.0,1,15.196241
-56.1,3,15.214704
-35.7,1,15.220254
-10.0,1,15.244054
-10.0,2,15.251565
-10.0,1,15.25649
-10.0,1,15.268835
-42.0,5,15.30718
-10.0,5,15.327223
-10.0,1,15.332574
-47.1,1,15.348758
-10.0,1,15.366377
-69.6,1,15.374053
-10.0,5,15.398007
-33.3,2,15.413205
-10.0,3,15.442024
-37.8,2,15.45493
-10.0,1,15.463289
-41.1,1,15.485641
-10.0,2,15.515625
-10.0,1,15.524641
-41.4,4,15.556187
-10.0,3,15.587126
-10.0,1,15.60743
-10.0,1,15.627042
-44.1,1,15.636478
-31.5,1,15.644196
-10.0,2,15.678557
-54.0,1,15.685933
-10.0,5,15.716292
-10.0,2,15.73599
-40.2,1,15.753643
-31.5,1,15.762093
-10.0,1,15.769298
-10.0,1,15.785417
-69.6,1,15.803233
-49.8,1,15.811508
-10.0,1,15.818864
-48.6,1,15.837267
-69.6,1,15.862088
-10.0,1,15.880843
-10.0,1,15.896785
-44.4,2,15.917883
-10.0,1,15.935741
-41.7,2,15.959094
-62.4,1,15.965783
-10.0,2,15.973314
-10.0,1,15.996974
-49.5,2,16.006778
-10.0,1,16.013732
-48.6,2,16.028662
-33.9,2,16.049354
-10.0,2,16.071891
-10.0,1,16.078151
-10.0,2,16.107022
-10.0,1,16.126507
-10.0,2,16.136373
-10.0,1,16.155797
-10.0,2,16.166888
-10.0,1,16.189956
-37.8,2,16.21823
-10.0,1,16.226465
-10.0,1,16.232961
-25.5,2,16.275052
-46.8,1,16.282974
-10.0,1,16.290917
-44.4,1,16.310055
-65.4,1,16.331552
-48.6,1,16.339442
-72.6,1,16.347287
-10.0,2,16.367909
-93.3,1,16.393735
-40.5,3,16.475055
-10.0,1,16.486189
-10.0,2,16.815439
-27.9,4,16.889685
-10.0,1,16.899644
-10.0,2,16.919351
-10.0,2,16.957423
-10.0,4,17.029414
-54.3,3,17.075728
-10.0,2,17.085868
-43.2,1,17.096015
-10.0,1,17.1476
-43.2,1,17.157302
-54.9,1,17.165238
-45.0,1,17.172693
-10.0,1,17.211599
-40.2,1,17.221615
-10.0,1,17.228553
-27.9,4,17.264602
-10.0,2,17.321293
-10.0,2,17.335994
-10.0,1,17.347641
-10.0,3,17.382398
-53.4,1,17.40893
-31.5,1,17.434953
-10.0,1,17.445268
-53.4,3,17.480319
-10.0,1,17.507167
-41.4,3,17.538392
-40.2,1,17.549503
-31.8,2,17.561214
-35.7,1,17.590394
-44.4,1,17.598694
-28.2,3,17.623605
-10.0,1,17.628855
-10.0,3,17.663077
-10.0,2,17.672976
-31.2,1,17.67905
-10.0,1,17.692643
-49.8,1,17.714566
-10.0,1,17.723935
-45.0,1,17.731287
-29.7,1,17.749952
-48.6,1,17.768011
-10.0,3,17.7958
-67.2,1,17.808202
-53.4,1,17.817125
-10.0,2,17.849054
-10.0,1,17.858135
-93.3,1,17.866815
-10.0,2,17.884328
-31.2,1,17.90249
-10.0,1,17.910576
-46.8,2,17.934743
-10.0,1,17.941009
-33.6,3,17.974187
-10.0,1,17.980888
-10.0,1,17.987264
-10.0,1,17.994288
-31.5,1,18.023087
-48.6,1,18.029963
-28.8,1,18.036666
-10.0,2,18.054976
-10.0,3,18.076376
-10.0,3,18.097544
-10.0,2,18.116051
-10.0,1,18.123061
-30.9,2,18.140815
-86.4,3,18.165895
-34.2,1,18.171269
-10.0,1,18.184771
-10.0,1,18.198494
-10.0,3,18.216956
-33.0,3,18.226829
-10.0,3,18.249821
-10.0,1,18.263453
-37.8,2,18.282816
-44.4,1,18.287309
-69.3,2,18.304474
-10.0,1,18.321521
-44.1,1,18.329248
-40.5,4,18.357228
-67.5,1,18.366316
-31.2,2,18.400759
-44.1,2,18.415013
-10.0,2,18.448183
-10.0,2,18.457524
-35.4,2,18.495061
-10.0,1,18.506464
-10.0,2,18.531613
-48.9,1,18.541865
-53.4,1,18.563515
-10.0,4,18.597093
-93.3,1,18.605069
-10.0,1,18.624156
-10.0,3,18.649871
-51.3,1,18.665211
-10.0,1,18.67065
-28.8,1,18.677978
-30.9,3,18.708747
-53.7,5,18.737526
-34.5,1,18.744828
-56.7,1,18.759126
-85.5,1,18.774467
-10.0,1,18.782352
-10.0,1,18.789663
-10.0,1,18.807675
-48.0,3,18.827929
-32.1,1,18.846505
-10.0,1,18.852771
-10.0,1,18.858523
-10.0,1,18.873672
-10.0,5,18.904166
-30.6,1,18.9095
-10.0,1,18.91396
-64.2,3,18.938953
-10.0,3,18.955812
-10.0,2,18.962069
-39.9,2,18.978294
-10.0,1,18.992117
-45.3,1,18.998787
-10.0,1,19.004391
-86.1,4,19.027138
-48.9,4,19.059284
-62.4,1,19.07644
-42.3,2,19.084484
-10.0,1,19.089871
-10.0,1,19.11327
-10.0,2,19.120683
-48.3,2,19.133325
-44.7,1,19.139201
-25.8,1,19.152249
-10.0,1,19.158704
-35.4,2,19.17418
-10.0,1,19.180612
-35.7,1,19.192633
-49.2,1,19.206798
-10.0,2,19.211939
-45.6,5,19.229945
-70.8,1,19.255574
-48.6,1,19.263396
-10.0,1,19.268986
-45.0,1,19.274475
-10.0,1,19.297923
-45.9,5,19.320612
-10.0,1,19.325352
-43.8,3,19.338508
-10.0,1,19.353465
-10.0,2,19.370293
-10.0,1,19.376368
-44.7,1,19.384301
-39.6,3,19.425217
-10.0,1,19.432623
-10.0,2,19.454928
-10.0,2,19.463389
-43.5,1,19.484869
-10.0,1,19.502893
-10.0,1,19.510221
-10.0,1,19.518103
-10.0,1,19.535095
-10.0,2,19.559096
-28.8,1,19.567298
-10.0,1,19.575542
-31.2,1,19.608957
-10.0,1,19.61781
-42.6,3,19.633266
-10.0,2,19.640861
-10.0,1,19.657578
-10.0,2,19.676756
-42.6,2,19.687602
-10.0,2,19.705505
-54.9,1,19.721153
-10.0,1,19.726686
-40.5,3,19.75012
-10.0,1,19.756347
-10.0,1,19.781235
-10.0,6,19.805942
-38.1,2,19.822756
-10.0,2,19.831826
-10.0,1,19.847371
-40.5,3,19.868189
-10.0,2,19.883455
-46.8,1,19.887382
-10.0,4,19.915164
-31.5,1,19.92041
-10.0,1,19.9273
-10.0,1,19.940464
-43.5,1,19.953394
-10.0,1,19.959559
-10.0,1,19.967302
-10.0,1,19.980408
-48.6,1,19.995046
-87.0,1,20.001236
-10.0,1,20.007257
-10.0,1,20.01738
-53.7,1,20.030444
-10.0,1,20.036136
-10.0,2,20.050629
-10.0,2,20.05767
-87.0,1,20.07045
-42.9,1,20.084198
-33.6,3,20.094094
-30.3,3,20.109497
-10.0,1,20.124246
-10.0,3,20.242825
-48.6,5,20.292964
-50.7,3,20.337137
-34.2,1,20.350233
-10.0,3,20.369776
-10.0,2,20.383708
-10.0,2,20.39152
-60.6,4,20.416271
-53.7,2,20.430842
-70.8,1,20.436705
-46.8,1,20.442205
-10.0,1,20.456881
-10.0,1,20.472128
-54.3,3,20.480467
-10.0,1,20.494849
-10.0,1,20.517839
-10.0,1,20.53076
-33.3,2,20.555995
-62.1,1,20.564685
-42.9,1,20.583056
-92.7,3,20.611836
-31.8,2,20.623391
-72.3,2,20.644805
-10.0,1,20.665473
-10.0,1,20.673407
-10.0,1,20.689695
-53.1,4,20.713084
-10.0,2,20.73504
-10.0,2,20.752342
-33.3,2,20.760218
-10.0,4,20.777433
-10.0,1,20.793427
-25.8,1,20.809317
-10.0,1,20.814486
-72.6,1,20.821825
-10.0,1,20.838021
-60.9,4,20.860327
-10.0,1,20.874252
-10.0,1,20.880841
-10.0,1,20.89681
-10.0,3,20.915065
-33.3,2,20.920538
-32.1,1,20.934633
-56.7,1,20.950114
-42.9,2,20.959074
-44.7,1,20.973852
-10.0,2,20.981122
-10.0,1,20.995316
-47.7,1,21.009255
-43.8,3,21.019843
-41.7,3,21.032698
-10.0,1,21.044026
-10.0,1,21.057169
-10.0,1,21.06118
-10.0,3,21.074895
-41.1,4,21.102407
-10.0,2,21.10977
-42.9,2,21.13484
-33.3,2,21.155412
-30.9,3,21.246953
-10.0,3,21.268175
-44.7,1,21.274235
-10.0,3,21.295146
-10.0,3,21.322933
-24.9,4,21.348272
-44.1,3,21.366624
-49.2,1,21.372941
-39.6,3,21.400634
-10.0,2,21.416264
-10.0,1,21.422355
-10.0,1,21.428908
-10.0,3,21.460681
-10.0,1,21.467819
-43.2,1,21.474412
-44.7,1,21.491463
-10.0,4,21.543137
-43.2,1,21.554017
-10.0,1,21.562714
-44.1,2,21.588696
-35.1,1,21.629127
-35.4,2,21.647895
-10.0,1,21.676673
-44.4,2,21.694545
-36.9,1,21.743695
-69.3,2,21.779497
-10.0,1,21.789152
-10.0,2,21.812972
-33.6,1,21.837354
-48.6,1,21.848324
-66.9,2,21.870651
-38.1,2,21.88265
-30.3,2,21.935264
-67.5,1,21.944018
-36.9,1,21.952885
-49.8,1,21.959406
-54.3,3,22.000797
-10.0,1,22.009912
-41.4,1,22.02596
-67.2,1,22.035717
-78.3,2,22.062099
-10.0,1,22.081533
-44.4,1,22.089314
-66.9,2,22.101524
-43.5,1,22.13402
-70.5,2,22.145831
-10.0,1,22.153691
-48.3,2,22.175277
-10.0,2,22.199382
-48.3,2,22.226945
-10.0,3,22.255069
-30.6,1,22.264117
-10.0,1,22.2837
-38.1,3,22.314963
-54.6,2,22.331438
-29.4,2,22.367412
-10.0,7,22.453904
-10.0,1,22.464741
-33.6,1,22.476428
-10.0,1,22.487028
-38.7,1,22.541035
-10.0,1,22.554549
-36.3,3,22.59078
-44.4,2,22.605458
-10.0,1,22.633692
-10.0,1,22.663273
-62.1,2,22.677791
-46.8,3,22.706752
-10.0,1,22.73021
-10.0,1,22.740811
-25.8,1,22.762533
-10.0,2,22.774917
-25.2,1,22.797766
-38.4,2,22.827068
-43.2,1,22.83578
-10.0,3,22.864938
-67.2,2,22.889868
-48.6,1,22.926272
-42.9,3,22.941505
-24.9,2,22.963933
-33.6,1,22.984308
-10.0,3,23.014531
-42.6,2,23.024287
-28.2,3,23.051254
-10.0,1,23.072528
-72.6,1,23.09001
-42.6,2,23.102816
-10.0,2,23.123678
-10.0,2,23.147965
-10.0,1,23.15788
-10.0,2,23.178232
-44.4,1,23.18561
-10.0,2,23.219608
-29.1,3,23.241836
-68.1,6,23.309837
-70.8,1,23.335454
-43.2,1,23.390557
-10.0,5,23.469056
-10.0,2,23.482918
-54.3,3,23.512112
-48.6,1,23.533891
-31.5,1,23.542966
-39.9,2,23.567388
-56.7,1,23.576205
-10.0,1,23.597245
-10.0,1,23.620927
-10.0,5,23.656601
-10.0,2,23.667364
-64.8,1,23.70436
-10.0,1,23.711215
-10.0,1,23.717739
-10.0,2,23.737182
-42.9,3,23.764213
-30.6,1,23.779538
-35.7,1,23.786667
-10.0,3,23.808946
-54.3,3,23.832504
-45.0,1,23.850918
-10.0,3,23.862846
-30.9,5,23.901993
-10.0,1,23.925751
-48.3,2,23.937996
-64.8,1,23.955603
-10.0,1,23.967939
-49.8,1,24.002657
-65.4,1,24.012894
-10.0,1,24.032504
-10.0,1,24.042926
-10.0,2,24.081534
-10.0,7,24.185558
-10.0,2,24.223347
-10.0,2,24.241746
-49.5,1,24.279829
-68.1,1,24.315106
-10.0,5,24.3588
-71.7,4,24.392495
-54.0,1,24.41423
-41.1,1,24.425627
-65.4,1,24.449543
-48.0,4,24.478021
-47.1,1,24.496641
-10.0,2,24.510985
-47.1,2,24.537395
-10.0,1,24.544317
-10.0,1,24.565757
-64.8,1,24.587671
-48.0,3,24.605471
-47.7,1,24.625102
-67.8,2,24.650683
-25.8,1,24.660278
-41.1,1,24.678168
-87.0,1,24.685321
-10.0,1,24.704225
-72.6,1,24.713162
-55.5,5,24.750954
-42.9,2,24.759318
-10.0,1,24.776172
-10.0,1,24.793889
-10.0,2,24.80248
-45.0,1,24.810127
-38.1,1,24.83647
-10.0,1,24.843386
-85.2,2,24.852076
-10.0,2,24.868255
-10.0,4,24.897182
-10.0,2,24.906361
-10.0,1,24.921023
-62.1,1,24.929298
-40.2,1,24.948092
-10.0,2,24.971563
-45.6,5,24.99744
-10.0,3,25.01939
-10.0,5,25.061756
-44.1,3,25.094758
-61.8,1,25.103234
-10.0,2,25.120245
-10.0,4,25.169334
-31.2,2,25.206142
-41.7,5,25.251782
-64.5,2,25.277384
-10.0,1,25.301695
-10.0,1,25.312149
-10.0,3,25.343018
-53.4,3,25.367808
-10.0,2,25.392874
-10.0,1,25.400703
-38.1,3,25.420657
-48.6,1,25.427133
-10.0,2,25.455597
-10.0,1,25.464441
-10.0,1,25.473104
-28.5,2,25.492926
-10.0,2,25.512283
-40.2,1,25.527423
-61.5,1,25.535102
-64.8,1,25.539615
-10.0,1,25.556252
-53.4,3,25.579264
-35.7,1,25.584843
-49.8,1,25.599769
-10.0,1,25.616817
-69.6,1,25.622945
-10.0,1,25.631009
-10.0,2,25.649803
-51.3,1,25.666391
-10.0,3,25.687654
-10.0,3,25.708853
-10.0,2,25.719161
-31.2,2,25.754764
-53.7,2,25.767739
-32.1,1,25.773312
-42.6,3,25.790688
-45.0,2,25.819053
-10.0,1,25.82537
-10.0,1,25.830926
-10.0,3,25.846487
-37.5,4,25.877772
-10.0,1,25.886497
-10.0,2,25.910144
-10.0,2,25.918845
-10.0,1,25.933953
-56.1,3,25.958415
-10.0,1,25.963712
-10.0,6,26.000201
-10.0,2,26.023075
-10.0,3,26.053548
-31.5,3,26.084063
-10.0,2,26.097116
-53.4,1,26.131917
-24.6,5,26.16477
-10.0,2,26.177674
-10.0,1,26.196564
-56.4,2,26.221729
-34.2,2,26.244061
-10.0,1,26.253163
-10.0,1,26.26679
-54.0,1,26.294223
-10.0,2,26.322996
-10.0,1,26.332623
-33.6,1,26.340647
-61.5,1,26.374006
-10.0,3,26.389954
-48.6,1,26.408528
-10.0,2,26.416707
-10.0,2,26.448645
-25.8,1,26.455959
-10.0,1,26.461945
-54.9,1,26.468792
-42.3,3,26.501805
-31.5,1,26.510836
-10.0,1,26.530927
-10.0,1,26.538395
-42.6,2,26.558539
-61.5,2,26.574823
-10.0,1,26.580519
-10.0,1,26.586023
-10.0,1,26.61036
-10.0,1,26.618717
-53.7,2,26.626697
-53.1,4,26.644426
-47.7,4,26.680506
-44.1,2,26.695841
-10.0,1,26.702293
-10.0,2,26.716578
-60.3,5,26.754447
-10.0,3,26.778239
-44.4,1,26.784135
-40.5,3,26.802757
-54.9,1,26.817364
-43.5,4,26.840197
-33.9,2,26.850738
-35.7,1,26.864775
-42.9,1,26.877411
-10.0,3,26.895835
-10.0,3,26.904739
-25.5,2,26.918421
-62.4,1,26.992543
-10.0,4,27.033369
-67.2,4,27.058306
-10.0,1,27.064799
-10.0,1,27.121577
-10.0,1,27.132682
-69.3,2,27.148371
-48.0,3,27.178368
-30.0,5,27.246763
-10.0,1,27.269788
-40.8,2,27.280051
-65.4,1,27.288309
-10.0,1,27.324469
-10.0,1,27.33359
-10.0,1,27.342537
-68.4,5,27.377121
-10.0,3,27.419009
-44.4,1,27.426924
-42.6,3,27.46052
-40.2,1,27.469615
-10.0,2,27.513046
-10.0,5,27.551795
-49.5,1,27.562729
-10.0,3,27.590921
-10.0,1,27.617589
-10.0,1,27.638417
-46.5,2,27.648238
-10.0,1,27.655915
-10.0,3,27.694944
-44.4,4,27.724916
-43.2,1,27.733114
-10.0,1,27.752665
-10.0,2,27.778592
-66.0,5,27.810863
-40.2,4,27.838065
-10.0,3,27.85468
-61.2,2,27.883276
-62.1,2,27.892286
-10.0,2,27.907906
-54.0,1,27.915381
-47.1,1,27.931556
-10.0,1,27.937998
-10.0,2,27.958653
-10.0,4,27.980471
-10.0,2,28.000362
-10.0,1,28.020398
-43.2,1,28.026481
-33.6,3,28.046272
-10.0,8,28.102607
-10.0,3,28.11308
-10.0,7,28.148131
-28.8,1,28.154106
-10.0,4,28.184609
-42.9,2,28.200881
-10.0,2,28.209353
-10.0,3,28.230551
-38.4,2,28.26316
-10.0,1,28.269834
-10.0,3,28.292666
-10.0,1,28.297666
-36.3,1,28.311911
-10.0,2,28.328821
-10.0,1,28.332722
-10.0,1,28.338205
-41.1,4,28.370113
-10.0,2,28.386232
-10.0,2,28.393688
-10.0,5,28.416835
-10.0,1,28.439308
-10.0,1,28.445172
-10.0,8,28.509055
-54.9,1,28.520251
-10.0,3,28.572341
-42.3,2,28.585342
-39.9,2,28.610369
-10.0,1,28.619837
-10.0,2,28.660555
-10.0,2,28.670808
-49.5,2,28.694354
-10.0,2,28.708511
-10.0,1,28.727193
-10.0,3,28.75207
-67.2,1,28.759286
-10.0,2,28.778865
-43.2,1,28.798096
-10.0,4,28.82282
-45.0,2,28.837449
-10.0,1,28.843907
-10.0,1,28.860013
-44.4,3,28.884439
-10.0,2,28.892595
-48.6,1,28.906787
-31.8,2,28.926583
-69.6,1,28.93332
-10.0,2,28.950351
-10.0,3,28.971378
-42.3,2,28.989896
-10.0,1,28.998589
-40.8,2,29.01737
-10.0,2,29.027803
-10.0,1,29.056862
-31.8,2,29.064354
-30.9,2,29.083359
-10.0,1,29.088163
-48.3,2,29.1066
-30.9,1,29.123849
-48.3,4,29.146041
-45.0,2,29.153944
-10.0,1,29.168739
-40.2,1,29.181608
-10.0,1,29.187225
-48.6,1,29.192994
-49.5,2,29.217391
-10.0,2,29.226767
-45.0,2,29.24604
-10.0,4,29.26441
-10.0,4,29.290586
-10.0,2,29.29562
-10.0,1,29.302234
-10.0,1,29.315554
-10.0,2,29.333956
-41.7,3,29.356821
-10.0,2,29.367059
-10.0,1,29.380428
-36.0,2,29.399395
-47.7,4,29.420474
-10.0,1,29.426138
-10.0,2,29.442269
-10.0,1,29.458943
-10.0,2,29.474955
-10.0,4,29.50302
-28.2,3,29.523215
-10.0,1,29.595688
-46.5,2,29.613228
-10.0,6,29.702891
-70.2,3,29.72022
-10.0,1,29.779384
-10.0,3,29.795606
-10.0,1,29.810449
-10.0,2,29.823822
-44.4,2,29.86631
-38.4,2,29.876342
-42.9,2,29.89377
-10.0,2,29.90618
-10.0,1,29.924846
-48.0,3,29.950599
-10.0,3,29.969854
-49.2,1,29.976569
-10.0,1,29.993352
-42.6,8,30.040341
-86.4,3,30.060535
-10.0,1,30.066573
-41.4,6,30.11477
-10.0,2,30.12201
-10.0,1,30.136929
-10.0,8,30.173696
-44.1,2,30.193648
-10.0,2,30.208074
-10.0,1,30.211719
-54.6,2,30.220809
-29.4,2,30.244335
-42.3,1,30.250495
-30.3,7,30.282469
-10.0,1,30.287683
-41.1,5,30.320448
-54.9,1,30.333333
-42.9,8,30.36532
-53.7,2,30.370828
-64.5,4,30.398481
-10.0,2,30.413122
-45.0,2,30.419971
-41.7,2,30.435109
-10.0,4,30.461992
-48.6,1,30.468055
-10.0,2,30.475996
-36.3,1,30.489098
-10.0,2,30.505554
-10.0,1,30.511752
-10.0,2,30.525317
-46.8,1,30.531631
-35.7,1,30.546125
-10.0,3,30.560843
-10.0,1,30.565822
-34.5,1,30.580036
-10.0,6,30.610923
-24.0,7,30.644385
-44.1,3,30.660044
-29.7,5,30.67801
-39.9,2,30.694392
-32.1,1,30.706908
-66.3,4,30.726926
-49.5,1,30.732349
-10.0,2,30.748164
-10.0,1,30.760403
-10.0,6,30.782833
-28.8,1,30.78803
-10.0,1,40.320102
-45.3,1,40.325533
-10.0,1,40.330707
-31.5,1,40.335605
-10.0,3,40.374378
-37.5,3,40.397611
-10.0,5,40.429636
-33.9,2,40.444821
-66.9,2,40.458208
-44.1,2,40.476527
-10.0,12,40.531045
-10.0,1,40.537015
-54.0,1,40.551945
-36.9,1,40.558053
-36.3,3,40.578028
-30.6,2,40.596246
-10.0,7,40.624782
-67.5,1,40.633336
-45.3,1,40.638191
-45.9,4,40.65004
-10.0,1,40.661384
-33.0,3,40.672848
-10.0,3,40.685328
-10.0,14,40.719705
-49.8,1,40.727859
-60.9,4,40.739734
-24.9,4,40.75994
-10.0,3,40.773481
-10.0,1,40.784106
-56.4,2,40.806019
-53.7,1,40.811122
-37.5,4,40.828436
-10.0,1,40.838974
-42.6,2,40.852848
-61.2,2,40.860783
-10.0,2,40.872192
-61.8,3,40.890703
-10.0,1,40.895286
-10.0,2,40.901675
-32.1,1,40.914038
-10.0,1,40.927031
-34.5,3,40.942962
-10.0,4,40.98235
-10.0,2,40.991263
-41.7,3,41.04755
-30.3,4,41.092874
-44.4,2,41.100397
-10.0,2,41.114996
-10.0,1,41.127512
-10.0,6,41.153432
-10.0,1,41.158373
-37.8,4,41.175878
-68.1,6,41.209633
-10.0,9,41.251227
-44.4,1,41.256649
-78.6,1,41.260862
-30.9,3,41.284901
-44.4,3,41.300958
-43.5,1,41.306285
-10.0,5,41.328584
-87.0,1,41.347924
-34.5,1,41.359046
-41.7,2,41.364923
-10.0,5,41.379666
-45.3,1,41.39982
-10.0,1,41.40525
-68.1,1,41.40981
-38.7,1,41.41403
-10.0,4,41.436377
-10.0,3,41.450595
-53.4,1,41.453261
-44.7,1,41.461373
-10.0,1,41.470401
-31.2,1,41.474206
-10.0,1,41.47817
-53.4,3,41.491699
-10.0,3,41.518288
-10.0,2,41.524415
-10.0,4,41.545846
-10.0,2,41.558113
-42.9,1,41.569542
-47.4,2,41.58063
-10.0,4,41.59704
-10.0,2,41.602429
-61.5,1,41.612032
-10.0,1,41.621344
-10.0,2,41.626459
-41.4,3,41.638221
-66.6,4,41.655456
-49.8,1,41.657715
-10.0,2,41.66438
-10.0,2,41.669997
-10.0,1,41.680195
-42.3,1,41.692286
-10.0,1,41.69717
-10.0,1,41.701766
-10.0,1,41.710354
-10.0,1,41.721356
-33.3,2,41.725969
-45.0,2,41.735127
-10.0,1,41.744165
-93.0,2,41.749515
-10.0,2,41.7595
-10.0,1,41.761761
-10.0,1,41.768897
-35.7,1,41.777096
-10.0,1,41.780891
-10.0,2,41.784576
-41.1,1,41.797595
-42.3,1,41.801687
-42.9,3,41.818856
-31.2,4,41.832902
-25.2,1,41.845635
-10.0,2,41.853368
-78.3,2,41.871312
-10.0,3,41.887257
-62.1,1,41.899919
-35.1,3,41.917653
-33.6,1,41.923536
-46.5,2,41.930574
-10.0,2,41.95242
-10.0,3,41.969855
-10.0,5,41.9911
-10.0,1,41.996413
-69.3,2,42.018392
-47.1,1,42.023665
-10.0,1,42.029668
-28.8,1,42.03519
-53.4,1,42.050266
-46.5,2,42.056007
-10.0,2,42.069813
-53.4,1,42.078448
-10.0,1,42.092452
-78.6,1,42.098562
-25.8,1,42.110868
-46.2,3,42.121711
-61.2,2,42.143773
-37.5,5,42.16489
-10.0,5,42.186038
-10.0,2,42.197666
-10.0,2,42.213148
-53.1,2,42.227178
-10.0,1,42.232373
-10.0,1,42.238441
-10.0,2,42.267044
-92.7,3,42.287557
-44.4,1,42.29321
-31.8,2,42.302083
-87.0,1,42.321591
-86.7,2,42.33071
-31.2,1,42.336044
-47.1,3,42.355541
-10.0,1,42.369426
-34.2,1,42.382723
-10.0,1,42.388559
-60.3,7,42.420488
-43.5,4,42.445715
-38.4,1,42.450598
-46.2,4,42.462882
-32.1,1,42.467488
-10.0,1,42.476108
-10.0,5,42.498941
-10.0,4,42.516577
-10.0,1,42.521505
-10.0,1,42.532724
-10.0,6,42.560894
-31.5,1,42.565208
-48.9,1,42.570302
-10.0,2,42.591379
-10.0,16,42.661711
-10.0,5,42.681643
-47.7,1,42.686703
-10.0,2,42.708826
-35.7,1,42.713459
-10.0,1,42.719354
-53.7,1,42.724023
-10.0,5,42.760721
-10.0,2,42.767105
-71.4,5,42.788381
-10.0,3,42.806278
-10.0,2,42.828808
-10.0,2,42.834255
-10.0,3,42.852507
-39.6,3,42.871381
-10.0,1,42.885178
-10.0,1,42.89374
-40.5,3,42.917441
-10.0,3,42.938506
-10.0,1,42.958226
-10.0,3,42.979027
-92.4,4,43.004054
-42.6,2,43.015317
-30.6,4,43.047232
-43.5,3,43.065975
-25.8,1,43.07233
-54.0,1,43.079376
-10.0,10,43.147374
-10.0,2,43.157769
-10.0,4,43.182047
-10.0,1,43.195385
-42.9,2,43.212561
-10.0,1,43.219419
-30.9,3,43.252961
-10.0,3,43.281857
-10.0,1,43.309813
-29.4,2,43.341272
-10.0,1,43.356799
-10.0,10,43.426859
-61.2,5,43.50158
-10.0,8,43.560465
-27.9,4,43.58852
-49.5,1,43.600455
-10.0,1,43.623573
-10.0,1,43.63602
-10.0,1,43.659572
-29.4,2,43.670341
-36.6,9,43.75107
-10.0,2,43.773058
-10.0,5,43.804799
-53.1,4,43.830969
-10.0,2,43.871063
-10.0,3,43.888402
-60.6,4,43.914589
-35.1,3,43.934073
-10.0,2,43.961673
-10.0,2,43.976506
-42.0,2,44.002013
-53.7,1,44.012591
-10.0,2,44.035665
-10.0,4,44.06515
-10.0,3,44.087795
-43.2,2,44.119886
-33.0,10,44.2223
-10.0,4,44.265682
-10.0,5,44.309654
-61.5,1,44.332687
-56.7,1,44.356398
-85.5,1,44.370512
-10.0,2,44.398618
-10.0,6,44.441766
-48.3,2,44.492976
-10.0,1,44.50232
-10.0,2,44.525069
-10.0,8,44.575618
-33.6,1,44.620983
-10.0,4,44.657312
-10.0,4,44.681995
-10.0,7,44.725664
-10.0,4,44.768266
-28.8,1,44.787673
-53.4,3,44.802163
-39.6,3,44.826244
-44.4,2,44.858115
-10.0,1,44.868627
-40.5,8,44.925992
-53.7,1,44.933482
-10.0,1,44.955968
-10.0,1,44.984475
-47.4,6,45.170371
-52.2,7,45.226984
-10.0,3,45.268593
-46.5,2,45.275795
-10.0,2,45.296409
-10.0,2,45.307514
-62.4,1,45.327209
-33.6,4,45.353667
-41.7,5,45.395127
-37.8,2,45.409196
-10.0,2,45.461744
-10.0,1,45.470672
-10.0,1,45.478764
-48.3,2,45.500348
-84.6,4,45.562735
-45.0,9,45.645863
-61.5,12,45.759883
-10.0,7,45.802014
-10.0,10,45.872477
-10.0,1,45.878918
-10.0,5,45.915816
-67.5,3,45.930568
-10.0,2,45.962787
-45.0,2,45.98092
-10.0,4,46.006927
-10.0,2,46.027543
-10.0,2,46.048661
-45.6,8,46.09863
-10.0,6,46.13338
-10.0,1,46.143042
-10.0,2,46.19129
-39.6,3,46.219308
-49.2,2,46.247504
-46.5,2,46.262818
-10.0,2,46.319657
-10.0,4,46.354246
-32.4,5,46.389864
-70.5,2,46.412385
-37.5,3,46.449122
-47.7,4,46.476665
-31.2,1,46.493278
-10.0,1,46.500645
-45.3,1,46.518146
-43.8,2,46.541102
-43.2,1,46.547396
-53.7,5,46.576155
-48.3,2,46.606455
-29.4,7,46.638546
-33.3,2,46.657204
-54.0,4,46.679569
-10.0,2,46.699811
-25.2,3,46.722819
-10.0,2,46.746609
-10.0,5,46.76965
-48.0,3,46.801661
-66.9,5,46.822273
-44.7,2,46.830672
-10.0,1,46.844355
-10.0,2,46.861459
-72.0,3,46.878618
-41.1,1,46.886453
-42.9,2,46.903338
-43.2,5,46.935599
-10.0,1,46.941231
-60.3,7,46.973531
-48.3,2,46.982973
-10.0,1,47.003835
-87.0,1,47.010157
-50.4,16,47.08233
-10.0,1,47.086555
-10.0,6,47.129405
-56.7,1,47.135856
-10.0,2,47.142202
-10.0,3,47.160817
-56.7,1,47.175083
-10.0,6,47.202517
-84.9,3,47.220362
-36.6,8,47.257107
-10.0,1,47.270618
-34.2,1,47.276726
-60.3,6,47.315345
-10.0,4,47.347299
-46.8,7,47.3987
-42.9,2,47.420469
-10.0,2,47.432382
-10.0,4,47.458585
-10.0,13,47.560809
-10.0,4,47.585886
-42.3,9,47.643707
-37.8,4,47.689602
-10.0,2,47.720134
-10.0,2,47.754463
-64.8,1,47.762077
-41.1,1,47.770505
-10.0,9,47.866295
-10.0,1,47.872769
-10.0,2,47.882585
-45.3,13,47.951414
-10.0,2,47.969717
-10.0,4,47.990458
-65.4,1,47.995752
-25.8,1,48.007329
-10.0,5,48.035942
-10.0,1,48.039565
-47.7,4,48.055137
-10.0,3,48.070834
-10.0,5,48.098633
-39.9,2,48.113006
-51.6,7,48.13759
-43.2,2,48.152313
-10.0,2,48.168656
-10.0,3,48.186496
-39.6,6,48.21663
-42.9,6,48.23609
-54.9,7,48.275589
-34.2,1,48.281092
-10.0,3,48.296102
-10.0,2,48.303314
-66.9,5,48.342035
-10.0,5,48.363178
-10.0,1,48.369004
-10.0,4,48.388108
-10.0,1,48.40122
-41.4,1,48.413401
-10.0,7,48.435031
-39.9,2,48.45082
-10.0,8,48.49473
-47.1,7,48.528625
-10.0,1,48.533724
-33.6,1,48.539149
-21.3,7,48.582181
-10.0,1,48.58775
-10.0,8,48.624911
-44.1,2,48.635227
-10.0,2,48.649122
-10.0,4,48.663398
-42.0,9,48.698598
-10.0,1,48.709275
-54.3,3,48.725625
-10.0,6,48.757169
-44.1,3,48.77356
-40.8,2,48.780064
-10.0,9,48.8258
-10.0,20,48.903098
-58.8,11,48.93918
-53.4,1,48.943422
-10.0,4,48.968262
-48.9,1,48.980736
-10.0,2,48.989054
-44.7,1,48.994535
-35.4,24,49.08934
-34.5,1,49.098959
-10.0,1,49.104355
-41.1,1,49.109274
-10.0,2,49.131404
-10.0,3,49.141154
-30.9,1,49.153576
-10.0,2,49.161961
-31.5,3,49.18747
-10.0,2,49.196182
-53.4,3,49.212132
-10.0,4,49.230549
-43.5,3,49.255308
-10.0,2,49.263613
-44.4,1,49.273162
-10.0,2,49.280772
-10.0,4,49.312941
-10.0,3,49.333075
-10.0,2,49.341618
-85.5,6,49.372399
-28.8,1,49.386586
-10.0,2,49.40295
-10.0,3,49.414363
-54.9,1,49.427516
-24.9,4,49.460955
-40.8,8,49.500226
-10.0,3,49.511801
-10.0,1,49.523239
-10.0,2,49.537995
-10.0,8,49.569187
-10.0,3,49.58255
-10.0,2,49.591107
-53.7,5,49.623454
-34.5,7,49.648546
-10.0,6,49.673597
-10.0,5,49.695791
-10.0,3,49.721413
-37.8,4,49.740437
-29.4,7,49.770594
-69.6,5,49.78793
-10.0,3,49.809091
-10.0,2,49.816223
-10.0,5,49.838348
-10.0,3,49.857094
-10.0,9,49.94976
-10.0,1,49.975876
-44.4,1,49.982273
-69.3,6,50.018825
-10.0,3,50.064362
-10.0,1,50.070538
-66.9,5,50.105135
-10.0,7,50.144176
-10.0,2,50.173601
-33.9,2,50.185221
-30.9,1,50.202905
-42.3,3,50.21351
-38.1,3,50.247054
-69.6,1,50.25208
-10.0,5,50.285838
-10.0,4,50.305474
-36.9,1,50.320144
-39.6,10,50.370479
-66.6,15,50.448488
-10.0,6,50.486216
-46.2,3,50.508557
-10.0,6,50.542365
-10.0,2,50.55394
-33.6,8,50.596964
-45.3,6,50.668837
-10.0,7,50.712997
-38.4,7,50.749205
-10.0,2,50.770972
-10.0,3,50.810868
-10.0,3,50.83227
-10.0,7,50.903126
-42.6,2,50.932997
-44.7,14,51.038564
-45.0,2,51.057987
-10.0,1,51.06522
-47.4,8,51.123229
-10.0,5,51.168782
-41.1,5,51.199547
-10.0,3,51.222542
-44.7,1,51.228623
-10.0,1,51.257435
-10.0,4,51.286393
-10.0,4,51.308635
-10.0,9,51.349292
-10.0,4,51.379591
-10.0,2,51.389662
-54.0,10,51.4338
-10.0,3,51.451917
-10.0,3,51.473748
-10.0,7,51.512344
-10.0,12,51.562592
-28.8,4,51.582103
-10.0,5,51.612263
-10.0,7,51.653314
-10.0,1,51.661183
-10.0,9,51.722515
-28.8,1,51.741865
-28.8,1,51.750658
-10.0,1,51.759603
-45.0,2,51.779947
-10.0,2,51.801035
-10.0,6,51.842596
-10.0,2,51.85289
-48.0,4,51.87765
-10.0,4,51.917669
-10.0,10,51.980783
-10.0,15,52.060408
-67.8,11,52.107989
-10.0,6,52.192219
-10.0,5,52.230296
-10.0,4,52.262872
-43.2,1,52.269673
-56.7,1,52.307529
-47.7,7,52.341906
-61.8,3,52.360658
-10.0,12,52.409406
-10.0,1,52.422257
-41.1,5,52.452967
-53.7,1,52.457523
-49.5,2,52.466406
-31.5,3,52.492198
-10.0,3,52.505234
-10.0,6,52.530116
-45.6,5,52.555626
-10.0,8,52.597038
-42.0,9,52.637893
-32.1,23,52.742277
-71.7,4,52.761608
-10.0,8,52.807608
-29.1,6,52.831487
-48.3,2,52.845053
-45.0,2,52.850466
-24.9,4,52.879428
-37.8,4,52.900156
-59.1,9,52.937296
-32.4,5,52.965666
-10.0,3,52.988429
-23.4,7,53.022626
-61.5,1,53.027723
-48.0,6,53.05523
-10.0,2,53.071058
-10.0,8,53.104853
-48.9,2,53.119645
-27.0,14,53.189783
-33.6,1,53.21156
-32.4,10,53.297566
-10.0,1,53.305869
-40.5,4,53.33171
-10.0,1,53.356268
-10.0,2,53.36821
-40.5,6,53.410639
-52.5,6,53.441004
-10.0,6,53.490847
-68.7,8,53.535713
-47.7,7,53.586735
-24.9,4,53.626372
-70.2,3,53.681553
-53.4,6,53.7336
-82.5,11,53.78991
-30.9,1,53.807556
-75.9,10,53.875208
-10.0,12,66.839648
-10.0,2,66.854392
-10.0,1,66.858353
-10.0,1,66.869159
-42.9,1,66.875376
-10.0,18,66.95329
-10.0,8,66.986849
-78.0,3,67.010852
-59.7,20,67.089592
-68.7,4,67.106023
-56.7,1,67.112114
-41.1,1,67.125107
-10.0,1,67.131068
-40.2,1,67.143561
-45.9,7,67.170382
-10.0,1,67.184174
-44.1,1,67.186728
-10.0,28,67.326381
-10.0,1,67.329973
-10.0,12,67.48699
-39.9,9,67.521789
-40.5,8,67.550699
-10.0,18,67.626076
-10.0,2,67.640544
-10.0,9,67.683342
-54.0,1,67.689069
-41.7,11,67.731565
-10.0,6,67.764273
-68.1,1,67.76957
-10.0,8,67.804025
-41.4,4,67.82141
-10.0,2,67.846888
-10.0,5,67.865085
-10.0,6,67.899607
-10.0,1,67.903516
-10.0,17,67.978082
-35.7,5,67.998894
-10.0,23,68.093134
-10.0,2,68.105393
-10.0,11,68.154334
-10.0,2,68.168577
-10.0,8,68.201006
-36.3,3,68.21983
-38.1,8,68.255687
-42.3,7,68.28076
-61.5,1,68.292017
-10.0,2,68.303859
-10.0,22,68.427867
-10.0,15,68.488609
-77.7,4,68.509794
-10.0,20,68.611783
-10.0,13,68.694041
-40.5,8,68.730233
-53.4,12,68.795379
-40.8,22,68.912311
-18.9,22,69.030602
-10.0,5,69.052707
-25.8,1,69.059494
-10.0,11,69.102844
-38.1,4,69.13296
-63.9,4,69.154609
-10.0,5,69.180202
-10.0,2,69.198843
-10.0,4,69.231399
-10.0,1,69.238425
-10.0,10,69.288914
-10.0,13,69.359915
-10.0,11,69.416867
-10.0,1,69.430693
-30.0,39,69.597751
-10.0,16,69.672677
-10.0,26,69.798591
-10.0,13,69.862138
-27.9,15,69.939727
-65.4,10,69.984825
-49.8,1,70.006641
-10.0,8,70.050026
-38.1,3,70.058697
-10.0,21,70.145992
-10.0,14,70.201269
-45.3,12,70.253344
-10.0,21,70.33859
-10.0,40,70.493782
-28.8,7,70.532985
-90.6,10,70.574211
-10.0,3,70.584453
-10.0,12,70.633416
-10.0,8,70.677357
-27.3,6,70.707901
-10.0,41,70.875892
-36.0,43,71.039576
-10.0,5,71.071521
-45.0,13,71.126577
-10.0,51,71.328984
-49.8,1,71.333444
-10.0,10,71.372623
-29.4,22,71.461035
-33.0,18,71.538743
-24.9,55,71.750865
-10.0,86,72.099903
-32.4,55,72.313046
-10.0,85,72.648961
-45.0,1,72.654229
-10.0,45,72.821281
-10.0,13,72.864913
-36.0,15,72.912462
-39.9,11,72.940764
-39.6,31,73.050867
-28.2,51,73.246425
-28.2,35,73.368876
-54.3,47,73.524783
-35.4,30,73.667746
-42.6,3,73.685134
-53.4,3,73.699901
-53.4,3,73.80471
-48.9,56,74.143512
-10.0,48,74.34669
-50.0,137,74.969317
-10.0,36,75.209213
-10.0,106,75.964759
-10.0,46,76.166149
-58.5,48,83.730214
-10.0,5,83.749683
-10.0,8,83.791839
-10.0,62,84.013483
-31.2,4,84.031728
-10.0,4,84.051658
-6.0,128,84.550852
-10.0,2,84.559766
-30.6,20,84.625787
-11.7,65,84.848752
-10.0,6,84.87758
-10.0,14,84.938497
-10.0,45,85.093685
-39.9,12,85.140808
-35.1,25,85.24995
-10.0,11,85.293733
-39.9,30,85.411158
-28.2,50,85.591396
-69.3,2,85.608005
-18.0,92,85.954805
-10.0,35,86.080438
-20.1,36,86.22008
-48.6,1,86.236454
-10.0,35,86.328313
-10.0,14,86.381377
-10.0,12,86.427378
-10.0,13,86.483905
-10.0,39,86.617336
-56.4,19,86.688504
2.1,94,87.036514
-10.0,74,87.334744
-2.1,101,87.703481
-10.0,24,87.773099
-61.2,2,87.780605
-63.6,21,87.874501
-10.0,50,88.145209
-46.5,26,88.247735
-10.0,38,88.395397
-50.7,3,88.420787
-10.0,20,88.501232
-38.4,14,88.555449
-35.7,23,88.63877
-41.1,44,88.816694
-47.7,6,88.847221
-10.0,1,88.85335
-10.0,35,88.979336
-10.0,57,89.185385
-43.2,28,89.275001
-10.0,19,89.352106
-42.3,39,89.499692
-10.0,9,89.549067
-55.5,5,89.570442
-10.0,9,89.606528
-40.5,3,89.623095
-78.3,2,89.638992
-20.1,11,89.695299
-10.0,130,90.166877
-10.0,19,90.238389
-10.0,5,90.274307
-20.1,48,90.468458
-10.0,13,90.519138
-10.0,118,90.962166
-25.2,66,91.235919
-41.1,6,91.254481
-47.4,9,100.674613
-30.9,5,100.70029
-10.0,37,100.857952
-10.0,10,100.913412
-50.0,185,101.69904
-10.0,50,101.926178
-10.0,61,102.230451
-48.9,63,102.44419
-36.0,11,102.479261
-10.0,14,102.528097
-10.0,64,102.775599
-10.0,21,102.861766
-63.6,14,102.904346
-10.0,9,102.937359
-26.7,26,103.009931
-86.4,24,103.06974
-36.3,22,103.13257
-28.5,9,103.155246
-10.0,87,103.404702
-10.0,2,103.411807
-39.0,22,103.493796
-10.0,23,103.562483
-24.0,25,103.660101
-10.0,3,103.668469
-10.0,14,103.723798
-10.0,5,103.745375
-31.5,25,103.848644
-10.0,14,103.904589
-10.0,34,104.034117
-10.0,5,104.062861
-10.0,6,104.102067
-10.0,25,104.20922
-10.0,20,104.302691
-10.0,10,104.375698
-10.0,10,104.43343
-10.0,12,104.491567
-10.0,9,104.546379
-25.8,27,104.678759
-10.0,10,104.78431
-10.0,3,104.819636
-42.0,44,105.142383
-40.8,30,105.307457
-32.7,43,105.531936
-10.0,22,105.634216
-10.0,5,105.666325
-26.7,60,105.949004
-10.0,21,106.040576
-10.0,39,106.21734
-10.0,1,106.222383
-27.3,128,106.768764
-10.0,69,107.353432
-19.8,86,107.85468
-10.0,3,107.865562
-10.0,18,107.951852
-10.0,22,108.060316
-10.0,48,108.318211
-10.0,54,108.833587
-53.4,29,109.067893
-10.0,16,109.181701
-10.0,69,109.535247
-10.0,96,110.150921
-19.5,22,110.384935
-39.6,7,110.459748
-28.2,19,110.609641
-31.5,8,110.675147
-18.9,40,120.738603
-10.0,4,120.766234
-10.0,105,121.177035
-10.0,61,121.401187
-10.0,2,121.409526
-10.0,3,121.43201
-10.0,28,121.542046
-37.5,25,121.638716
-55.2,24,121.73719
-10.0,52,121.95044
-10.0,34,122.087208
-10.0,1,122.092443
-23.7,39,122.239912
-10.0,12,122.303062
-10.0,75,122.571183
-10.0,34,122.701889
-46.2,27,122.809536
-10.0,54,123.021
-10.0,26,123.125074
-46.2,36,123.262815
-23.1,54,123.453789
-25.8,11,123.510799
-10.0,25,123.614809
-10.0,7,123.643893
-10.0,130,124.110799
-10.0,24,124.214639
-10.0,18,124.28458
-10.0,63,124.529136
-50.0,170,125.077862
-10.0,9,125.106027
-10.0,48,125.235831
-10.0,40,125.369655
-61.2,39,125.490031
-28.8,50,125.686586
-65.1,11,125.713944
-10.0,17,125.754427
-55.5,5,125.765066
-32.4,10,125.842844
-42.6,2,125.849678
-10.0,33,125.992461
-39.3,4,126.009153
-10.0,46,126.148427
-10.0,1,126.152737
-10.0,15,126.199735
4.8,116,126.531625
-10.2,105,126.956159
-10.0,7,126.99844
-10.0,47,127.183499
-39.0,5,127.195749
-10.0,15,127.232349
-10.0,46,127.331189
5.1,125,127.799854
-36.0,11,127.844993
-50.0,180,135.316517
-62.4,17,135.358716
-10.0,3,135.368995
-36.6,7,135.384146
-10.0,6,135.400213
2.4,95,135.65168
-10.0,5,135.674134
-47.7,69,135.912258
-30.0,16,135.984925
-10.0,7,136.010265
-10.0,35,136.096287
-20.4,10,136.119837
-20.4,32,136.216294
-55.5,41,136.321028
-10.0,57,136.4893
-10.0,24,136.559566
-10.0,6,136.583655
-66.9,14,136.622337
-21.3,92,136.913029
-10.0,19,136.997271
-48.0,21,137.088392
-10.0,52,137.215407
-10.0,6,137.229754
-10.0,46,137.366121
-23.1,10,137.424968
-10.0,22,137.497776
-10.0,3,137.514371
-10.0,24,137.605347
-10.0,1,137.617316
-33.0,34,137.737338
-34.5,20,137.812852
-10.0,4,137.82982
-45.6,12,137.88061
-10.0,21,137.946309
-25.2,22,138.094846
-10.0,54,138.327305
-10.0,97,138.696433
-58.8,13,138.747591
-28.5,18,138.819582
-10.0,8,138.851184
-10.0,47,139.04547
-67.2,1,139.05059
-27.0,16,139.102447
-30.3,7,139.133149
-52.2,5,139.161726
-10.0,38,139.305979
-10.0,48,139.472321
-84.6,9,139.522593
-33.3,41,139.704194
-10.0,10,139.725152
-10.0,49,139.842517
-10.0,1,139.845535
-10.0,35,139.978909
-10.0,21,140.058482
-10.0,10,140.097925
-71.7,24,140.188223
-10.0,14,140.259166
-21.3,92,140.581128
-31.8,23,140.669785
-23.4,9,140.70499
-10.0,17,140.783388
-3.6,88,141.084924
-10.0,47,141.250338
-35.4,20,141.331076
-10.0,35,141.478447
-37.8,20,141.565051
-10.0,14,141.615453
-33.0,28,141.71787
-10.0,33,141.837388
-35.7,11,150.273398
-10.0,19,150.37215
-23.4,42,150.559999
-41.4,3,150.584949
-10.0,70,150.887985
-10.0,27,151.002504
-10.0,14,151.076915
-34.8,26,151.262307
-10.0,4,151.292178
-10.0,58,151.525828
-33.3,19,151.595932
-48.3,2,151.610417
-45.0,13,151.659588
-30.3,44,151.875765
-10.0,30,152.005835
-10.0,24,152.125431
-41.4,6,152.14848
-33.9,11,152.197721
-42.6,7,152.229458
-10.0,9,152.283326
-10.0,14,152.350519
-39.3,12,152.414116
-10.0,6,152.431773
-10.0,44,152.616516
-10.0,26,152.726377
-32.1,23,152.820484
-24.0,28,152.937483
-10.0,64,153.214417
-10.0,14,153.286562
-10.0,25,153.385164
-15.6,56,153.615643
-18.0,68,153.910019
-10.0,33,154.043755
-23.4,44,154.222536
-35.7,26,154.332124
-10.0,24,154.457903
-10.0,29,154.5722
-10.0,17,154.644305
-21.3,51,154.854468
-10.0,38,155.025635
-66.3,42,155.1967
-10.0,10,155.243305
-10.0,142,155.815575
-57.9,40,155.942626
-10.0,56,156.111491
-10.0,25,156.182686
-10.0,29,156.272153
-43.5,18,156.331234
-10.0,19,156.392474
-10.0,2,156.397135
-41.1,11,156.438365
-10.0,7,156.47415
-52.2,6,156.490936
-78.0,3,156.503294
-65.4,25,156.572652
-19.5,70,156.794747
-42.3,1,156.798743
-30.0,4,156.813564
-40.2,4,156.831994
-10.0,118,157.199006
-30.6,4,157.212371
-10.0,33,157.326606
-10.0,39,157.504546
-10.0,15,157.571318
-10.0,33,157.726617
-10.0,111,158.130774
-10.0,61,167.046525
-10.0,15,167.117449
-33.6,17,167.192644
-10.0,27,167.299697
-10.0,24,167.394731
-13.2,98,167.799051
-10.0,62,168.048677
-10.0,19,168.13579
-30.6,6,168.166164
-10.0,42,168.345812
-10.0,33,168.475633
-10.0,13,168.533293
-27.3,14,168.592058
-37.8,23,168.698436
-10.0,13,168.752497
-10.0,25,168.860814
-10.0,8,168.895809
-10.0,10,168.955987
-62.1,21,169.041521
-35.7,33,169.198204
-61.2,2,169.213981
-65.7,6,169.245431
-31.2,9,169.283677
-52.2,35,169.423041
-40.5,93,169.778904
-84.3,5,169.810345
-45.3,13,169.86322
-41.4,14,169.922976
-10.0,5,169.943644
-10.0,76,170.256793
-30.9,25,170.358076
-73.8,45,170.54173
-48.3,2,170.555318
-34.5,31,170.703211
-10.0,41,170.879575
-9.9,52,171.105089
-30.0,6,171.128921
-10.0,38,171.310444
-10.0,3,171.334774
-10.0,76,171.652446
-12.6,96,172.055946
-10.0,23,172.14161
-10.0,43,172.265266
-10.0,3,172.277241
-10.0,7,172.298961
-28.8,43,172.416133
-10.0,11,172.443357
-31.2,4,172.458862
-10.0,19,172.513592
-45.9,10,172.56857
-46.8,8,172.601458
-39.3,21,172.675935
-34.8,29,172.758097
-10.0,14,172.808892
-32.4,23,172.871716
-10.0,4,172.879866
-63.9,30,172.973048
-43.8,21,173.143817
-10.0,48,173.296178
-10.0,6,173.312528
-61.2,29,173.403753
-27.6,13,173.447307
-39.0,11,173.478462
-38.4,10,173.50625
-10.0,31,173.592394
-10.0,12,173.64721
-32.4,5,173.667592
-40.5,16,173.726876
-27.0,14,173.793816
-22.8,32,173.965526
-52.5,62,174.147336
-10.0,67,174.310302
-10.0,12,174.364376
-47.7,31,174.503978
-10.0,11,174.547865
-10.0,21,174.642098
-10.0,8,174.675211
-45.6,5,174.70469
-44.7,1,174.710966
-28.5,2,174.724455
-10.0,28,174.823634
-10.0,42,183.463279
-55.2,6,183.491211
-10.0,2,183.499051
7.5,112,183.90574
-48.9,4,183.932571
-10.0,13,183.987246
-10.0,8,184.018289
-27.9,64,184.247269
-10.0,4,184.272376
-49.5,25,184.377098
-17.4,39,184.530468
-10.0,4,184.54498
-18.6,42,184.713695
-57.3,18,184.763292
-10.0,44,184.910569
-30.9,32,185.02831
-27.9,59,185.270076
-45.3,6,185.302211
-54.0,46,185.483519
-29.7,39,185.623226
-50.4,22,185.716356
-58.5,22,185.783258
-10.0,85,186.078058
-10.0,32,186.202691
-10.0,9,186.244809
-10.0,31,186.375178
-21.6,93,186.719307
-24.0,99,187.050472
-34.8,65,187.295663
-41.7,6,187.317312
-52.5,51,187.45927
-10.0,2,187.464457
-37.5,4,187.490501
-1.5,140,187.860708
-10.0,12,187.893315
-10.0,38,187.992758
-76.2,9,188.02646
-28.2,14,188.061651
-30.9,12,188.097211
-10.0,8,188.115164
-26.7,39,188.265978
-39.3,33,188.350918
-44.7,14,188.400684
-10.0,32,188.491554
-33.9,45,188.652865
-23.1,1,188.658787
-10.0,45,188.828642
-10.0,12,188.865106
-10.0,7,188.895632
-10.0,83,189.238579
-10.0,24,189.286577
-10.0,17,189.321258
-10.0,42,189.468533
-10.0,13,189.531142
-10.0,9,189.57321
-36.9,15,189.633847
-33.0,33,189.758812
-10.0,18,189.834849
-29.7,6,189.857725
-40.8,28,189.956058
-10.0,6,189.993917
-25.5,46,190.147797
-10.0,34,190.268278
-15.0,37,190.39739
-19.8,40,197.318625
-10.0,10,197.361682
-10.0,13,197.413862
-10.0,29,197.528463
-81.0,16,197.596169
-10.0,16,197.658799
-10.0,24,197.757499
-63.6,25,197.856354
-63.0,9,197.902464
-10.0,33,198.024855
-10.0,22,198.108109
-40.5,37,198.246196
-10.0,26,198.346723
-24.3,82,198.661916
-10.0,118,199.071156
-10.0,143,199.509385
-63.6,13,199.545011
-36.3,18,199.646414
-42.6,10,199.706875
-26.4,42,199.847809
-10.0,31,199.971602
-10.0,16,200.012973
-10.0,5,200.029408
-10.0,62,200.209463
-49.5,19,200.272647
-24.0,55,200.436345
-10.0,13,200.474847
-41.7,21,200.525466
-10.0,134,200.963494
-36.3,1,200.968899
-10.0,15,201.020411
-10.0,14,201.066356
-10.0,2,201.089037
-34.5,27,201.194672
-32.4,8,201.236086
-10.0,18,201.308555
-10.0,3,201.332479
-21.3,7,201.356302
-62.1,1,201.371771
-48.9,27,201.494761
-10.0,5,201.528761
-27.6,51,201.660094
-42.6,21,201.716512
-31.2,16,201.763433
-35.4,25,201.883018
-10.0,6,201.909592
-29.4,31,202.033377
-10.0,13,202.084942
-53.1,40,202.234278
-65.1,9,202.276012
-10.0,28,202.379241
-57.6,15,202.426065
-10.0,63,202.67639
-37.2,11,202.722094
-38.7,2,202.7291
-44.1,4,202.747237
-10.0,19,202.833386
-59.1,36,202.981837
-10.0,1,202.987095
-10.0,13,203.042453
-27.9,57,203.263332
-8.4,85,203.566638
-10.0,6,203.596852
-10.0,8,203.630019
-23.1,23,203.739923
13.8,131,204.152846
-10.0,8,204.184958
-41.4,20,204.266225
-10.0,33,204.401246
-10.0,9,204.470608
-10.0,36,204.65632
-10.0,1,204.661254
-36.3,1,204.672708
-10.0,20,212.008895
-10.0,3,212.023345
-70.2,9,212.059398
-56.4,2,212.0783
-32.4,98,212.429754
-50.7,21,212.497075
-10.0,30,212.60902
-57.6,15,212.676572
-10.0,71,212.94228
-10.0,2,212.956252
-19.2,21,213.02877
-28.5,40,213.198753
-10.0,16,213.250081
-10.0,1,213.253687
-10.0,96,213.603643
-26.1,10,213.652695
-71.7,52,213.853884
-10.0,3,213.870599
-10.0,13,213.917943
-10.0,47,214.105961
-10.0,43,214.255671
-10.0,32,214.383437
-24.6,21,214.457341
-29.4,7,214.492418
-10.0,11,214.541796
-30.3,12,214.591095
-10.0,44,214.759152
-9.0,55,214.973217
-30.6,4,214.991581
-10.0,72,215.233085
-10.0,9,215.268792
-10.0,34,215.417451
-36.6,16,215.482786
-45.6,11,215.522242
-10.0,12,215.566143
-10.0,46,215.744554
-10.0,64,215.979021
-10.0,13,216.029881
-36.6,23,216.120366
-24.3,4,216.14816
-10.0,33,216.278193
-10.0,38,216.42827
-58.5,13,216.479285
-10.0,67,216.742043
-10.0,4,216.760447
-25.5,21,216.83742
-37.8,17,216.888786
-10.0,99,217.26894
-29.4,20,217.338868
-10.0,7,217.362128
-10.0,40,217.513264
-10.0,2,217.529037
-10.0,53,217.80065
-10.0,49,217.982866
-46.5,25,218.0757
-38.1,3,218.096296
-67.5,3,218.107072
-50.7,21,218.191831
-10.0,10,218.230031
-21.6,32,218.3567
-41.7,26,218.459172
-10.0,19,218.529831
-10.0,2,218.544005
-51.0,11,218.601299
-54.6,2,218.608145
-10.0,8,218.641911
-10.0,30,218.748857
-10.0,10,218.793378
3.6,99,219.155135
-10.0,37,219.284902
-39.9,8,219.311381
-10.0,96,228.726935
-36.3,24,228.847517
-39.0,5,228.866211
-28.8,56,229.091381
-10.0,64,229.333844
-10.0,31,229.455753
-10.0,34,229.597262
-10.0,9,229.632863
-10.0,108,230.063227
-10.0,19,230.149965
-31.2,20,230.239461
-20.4,29,230.362107
-39.3,28,230.49125
-10.0,4,230.507493
-40.2,9,230.548172
-10.0,51,230.751854
-43.5,7,230.788911
-34.8,36,230.934718
-45.3,12,230.986308
-18.6,73,231.262851
-31.2,77,231.576716
-37.5,14,231.637634
-44.4,4,231.651688
-44.1,1,231.656834
-48.6,1,231.672111
-10.0,24,231.775283
-10.0,65,232.015218
-50.0,181,232.706999
-10.0,10,232.739871
-10.0,32,232.841316
-10.0,10,232.871984
-10.0,52,233.002605
-36.6,13,233.048086
-32.7,42,233.16642
-10.0,8,233.192181
-10.0,38,233.32542
-10.0,61,233.470434
-10.0,7,233.506026
-23.1,43,233.670778
-10.0,10,233.730427
-39.3,14,233.793281
-10.0,13,233.817079
-56.4,18,233.866701
-21.0,17,233.930203
-10.0,93,234.230375
-41.7,3,234.247332
-10.0,20,234.328331
-59.1,20,234.404703
-10.0,24,234.50462
-10.0,15,234.564126
-51.0,36,234.715766
-33.9,11,234.749252
-10.0,11,234.780823
-10.0,7,234.806168
-26.4,20,234.852303
-7.2,76,235.118321
-10.0,6,235.150218
-10.0,31,235.273304
-15.6,87,235.613404
-22.8,11,235.645773
-10.0,86,235.969886
-29.7,7,236.000184
-38.1,54,236.197923
-37.8,23,244.513139
-10.0,23,244.612465
-41.4,27,244.715006
-33.3,30,244.822937
-54.0,4,244.83807
-10.0,59,245.07493
-28.2,12,245.121742
-43.2,14,245.174681
-57.9,26,245.27863
-33.3,39,245.426208
-27.6,89,245.758011
-10.0,45,245.914698
-39.3,26,246.009554
-10.0,1,246.030505
-10.0,5,246.052856
-10.0,33,246.176848
-47.1,50,246.371297
-70.8,1,246.384204
-10.0,36,246.531866
-41.4,11,246.578132
-12.0,68,246.839291
-26.7,55,247.122225
-10.0,58,247.349136
-29.7,9,247.377868
-10.0,68,247.58274
-10.0,18,247.666686
-10.0,27,247.761873
-10.0,8,247.789486
-33.6,17,247.861363
-10.0,47,248.046344
-10.0,8,248.08305
-35.7,16,248.140975
-10.0,15,248.190993
-10.0,32,248.322912
-10.0,7,248.354558
1.8,158,248.930504
-10.0,38,249.092866
-10.0,15,249.165409
-10.0,33,249.250484
-64.8,3,249.262095
-10.0,70,249.522429
-10.0,19,249.593555
-48.3,47,249.756935
-10.0,24,249.834465
-44.1,3,249.839759
-55.5,24,250.020287
-39.0,8,250.04237
-10.0,31,250.125891
-10.0,2,250.135798
-10.0,54,250.314393
-32.1,56,250.45375
-10.0,27,250.543675
0.0,106,251.011314
-33.6,16,251.104264
-18.0,88,251.418832
-10.0,19,251.487963
-10.0,56,251.692368
-42.0,2,251.708694
-14.1,40,251.864609
-44.1,3,251.873585
-10.0,1,251.885127
-10.0,7,251.921798
-37.8,17,251.999525
-43.2,15,252.061497
-10.0,35,259.208268
-10.0,180,259.829441
-35.4,2,259.839459
-26.7,17,259.900176
-42.9,41,260.031059
-84.9,3,260.053476
-20.1,20,260.11055
-22.2,13,260.237818
-10.0,104,260.506367
-64.8,1,260.513931
-40.8,13,260.550936
-10.0,137,261.077837
-10.0,33,261.177589
-41.1,12,261.236166
-10.0,5,261.260483
-43.2,1,261.27295
-35.4,4,261.292112
-33.0,42,261.479857
-52.8,14,261.536385
-16.8,48,261.726943
-33.0,12,261.786189
-10.0,22,261.882985
-10.0,7,261.913929
-57.6,14,261.998469
-10.0,173,262.638986
-43.8,62,262.930852
-27.6,57,263.186614
-10.0,2,263.200547
-23.4,80,263.65295
5.1,121,264.52024
-10.0,8,264.558199
-19.5,41,264.933647
-10.0,45,265.27115
-10.0,64,265.645847
-39.6,18,265.770727
-10.0,38,266.352399
-51.6,9,266.423745
-10.0,17,266.551322
-51.3,19,266.673369
-10.0,14,266.749664
-10.0,24,266.907144
-10.0,68,267.543139
-43.8,6,267.608804
-38.1,36,267.870619
-10.0,1,267.880127
-69.0,3,267.919955
-10.0,4,267.947735
-10.0,15,268.032076
-38.4,1,268.039451
-28.8,19,268.193327
-10.0,51,268.517792
-10.0,19,268.834152
-10.0,19,269.022707
-10.0,14,269.146542
-10.0,65,269.54453
-53.1,2,269.551945
-10.0,61,269.940085
-19.8,69,281.557657
-23.1,20,281.641569
-27.0,18,281.713282
-10.0,30,281.850264
-10.0,66,282.164914
-57.6,36,282.325437
-10.0,6,282.357167
-10.0,15,282.418488
-10.0,56,282.713287
-4.2,90,283.095638
-10.0,32,283.245385
-10.0,9,283.293606
-10.0,22,283.434912
-10.0,6,283.458412
-10.0,1,283.462732
-47.7,5,283.48768
-14.4,100,283.908571
-35.1,13,283.96036
-10.0,38,284.083895
-37.2,27,284.192694
-10.0,4,284.215558
-59.1,9,284.250442
-9.3,91,284.597806
-41.1,4,284.612383
-10.0,44,284.773962
-42.3,1,284.77892
-10.0,48,284.976578
-40.2,29,285.104753
-10.0,13,285.167576
-38.7,15,285.231715
-77.7,32,285.391879
-21.6,95,285.953829
-45.0,15,286.087777
-10.0,8,286.152419
-10.0,22,286.31055
-10.0,16,286.411876
-39.3,32,286.625933
-16.5,32,286.793952
-10.0,56,287.059503
-36.0,24,287.187747
-20.1,20,287.310635
-35.7,45,287.587219
-36.9,1,287.600803
-26.7,31,287.830111
-36.0,4,287.873646
-25.5,12,287.944614
-10.0,51,288.236643
-40.5,16,288.309042
-21.6,63,288.713597
-41.1,1,288.740201
-13.8,173,289.694089
-10.0,81,290.180796
-10.0,32,290.358474
-10.0,31,290.514493
-10.0,9,290.55601
-10.0,54,290.827661
-55.5,5,290.86593
-7.8,87,291.346093
-10.0,68,291.837885
-10.0,36,301.047012
-10.0,61,301.364705
-10.0,6,301.396695
-76.8,7,301.434791
-40.8,6,301.466333
-10.0,40,301.662422
-10.0,66,301.95135
-23.1,20,302.036212
-25.8,64,302.309917
-10.0,68,302.640358
-10.0,2,302.656164
-37.2,36,302.763708
-46.2,65,302.934601
-11.4,107,303.398705
-28.5,29,303.544211
-10.0,6,303.566842
-50.4,57,303.832407
-38.7,10,303.910773
-22.8,2,303.933049
-43.5,15,304.007606
-27.9,23,304.130455
-30.9,69,304.485569
-11.7,169,305.790914
-10.0,41,306.027699
-10.0,44,306.212394
-10.0,34,306.377994
-42.6,2,306.393319
-10.0,15,306.46196
-10.0,25,306.579363
-68.7,8,306.633798
-24.6,15,306.708894
-42.9,3,306.720692
-10.0,28,306.853092
-10.0,1,306.895689
-16.5,23,307.132859
-41.1,6,307.184999
-44.4,1,307.190955
-21.9,99,308.023786
-10.0,24,308.226851
-10.2,53,308.730302
-10.0,31,308.982388
-10.0,9,309.067746
-48.3,29,309.255637
-24.0,40,309.514616
-42.9,2,309.543905
-10.0,89,310.050425
-10.0,8,310.129088
-27.3,6,310.195032
-40.2,4,310.237658
-50.7,3,310.275768
-54.0,45,310.623255
-65.1,26,310.803546
-10.0,16,310.918611
-28.5,36,311.186117
-10.0,6,311.241667
-38.4,30,311.547666
-31.2,4,311.595043
-10.0,24,311.963302
-10.0,24,312.212195
-10.0,1,312.237415
-10.0,5,312.328923
-10.0,40,312.68038
-46.2,52,313.018065
-10.0,13,313.094691
-10.0,16,313.190439
-58.2,39,313.461426
-10.0,2,313.473938
-10.0,26,313.719542
-10.0,1,313.731723
-10.0,43,322.222265
-10.0,1,322.227498
-10.0,52,322.458849
-36.9,12,322.514969
-10.0,1,322.529035
-10.0,9,322.565669
-10.0,90,323.044046
-45.6,5,323.063703
-10.0,28,323.183412
-10.0,7,323.213574
-27.9,29,323.336959
-23.1,86,323.689384
-31.2,42,323.877215
-10.0,3,323.893495
-10.0,35,324.040631
-10.0,15,324.094358
-1.5,125,324.593866
-11.7,100,324.98245
-10.0,3,324.98954
-10.0,64,325.185632
-26.4,40,325.311451
-10.0,107,325.662775
-58.2,12,325.709553
-41.1,15,325.784171
-10.0,17,325.84682
-26.7,50,326.031379
-19.5,119,326.484771
-34.8,48,326.70317
-38.1,24,326.822499
-38.7,16,326.902113
-10.0,36,327.088027
-10.0,3,327.108233
-45.9,80,327.607374
-10.0,28,327.829272
-10.0,3,327.865683
-10.0,26,328.050423
-10.0,14,328.140878
-41.1,13,328.200965
-36.9,41,328.385563
-15.9,86,328.746589
-41.7,80,329.097854
-29.7,21,329.190419
-35.1,12,329.248408
-34.2,51,329.457194
-10.0,41,329.668703
-39.3,32,329.788432
-10.0,20,329.868606
-25.5,20,329.949773
-52.2,35,330.103918
-27.0,48,330.326008
-38.4,36,330.472633
-10.0,2,330.479696
-36.0,10,330.548584
-15.0,58,330.81262
-58.5,30,338.298916
-10.0,36,338.434309
-8.4,101,338.990498
-10.0,2,339.004132
-10.0,2,339.011703
-14.1,40,339.175968
-28.8,7,339.272454
-13.2,41,339.575319
-10.0,3,339.590795
-10.0,42,339.749084
-42.6,7,339.789822
-10.0,1,339.795209
-39.9,19,339.947668
-37.2,22,340.114726
-10.0,22,340.277751
-52.2,7,340.523854
-10.0,68,340.933713
-10.0,11,340.994101
-43.8,17,341.106669
-23.7,21,341.248773
-44.4,4,341.291043
-46.8,2,341.31143
-10.0,15,341.39764
-10.0,54,341.685272
-10.0,1,341.691095
-18.0,44,341.989039
-10.0,48,342.240549
-48.6,1,342.245015
-38.7,61,342.510316
-17.1,58,342.717746
-10.0,38,342.886638
-10.0,17,342.952826
-31.5,10,342.991456
-37.2,39,343.142992
-65.4,10,343.19932
-10.0,11,343.23944
-42.6,42,343.413784
-10.0,101,343.804028
-10.0,17,343.883875
-70.8,27,344.033682
-17.1,59,344.266657
-35.4,42,344.434379
-39.3,29,344.581101
-42.9,14,344.639117
-10.0,16,344.710013
-10.0,29,344.848193
-58.8,23,344.972991
-44.7,14,345.036551
-31.2,60,345.278494
-10.0,45,345.470841
-10.0,17,345.552706
-44.4,19,345.636437
-32.4,12,345.688016
-42.9,90,346.099855
-57.3,35,346.301553
-30.9,5,346.328374
-30.6,11,346.386378
-10.0,62,346.746431
-10.0,36,347.029546
-10.0,17,347.128835
-40.2,5,347.154272
-67.8,7,347.194393
-10.0,22,347.306465
-10.0,14,347.407425
-24.6,26,347.594642
1.8,126,348.253241
-10.0,21,348.406838
-10.0,3,348.429096
-26.7,15,348.519286
-10.0,45,356.444644
-34.2,24,356.509536
-10.0,103,356.852567
-36.0,29,356.961904
-36.9,40,357.11772
-10.0,7,357.155216
-33.9,32,357.273931
-19.8,65,357.508275
-83.7,12,357.556649
-10.0,74,357.836918
-37.2,39,357.971105
-47.1,33,358.098168
-36.6,23,358.188322
-10.0,44,358.366244
-10.0,1,358.371359
-48.9,21,358.461658
-42.3,9,358.489731
-10.0,59,358.727308
-10.0,7,358.753005
-10.0,1,358.765548
-29.4,31,358.854415
-35.4,2,358.866303
-41.1,21,358.916817
-85.8,5,358.926511
-41.4,52,359.088696
-10.0,31,359.204642
-45.9,66,359.459665
-19.2,120,359.875272
-10.0,9,359.910194
-48.3,2,359.925329
-42.0,12,359.969572
-10.0,12,360.016439
-10.0,53,360.219997
-10.0,3,360.234533
-36.6,38,360.382843
-30.0,18,360.433152
-10.0,54,360.620306
-10.0,38,360.762839
-10.0,11,360.807861
-10.0,7,360.839025
-10.0,10,360.877078
-33.0,19,360.953032
-10.0,4,360.972521
-10.0,2,360.985661
-27.6,14,361.034788
-10.0,6,361.073408
-16.8,41,361.230146
-46.5,2,361.236427
-33.0,20,361.30804
-60.6,61,361.617223
-35.7,23,361.697135
-82.2,12,361.747265
-10.0,3,361.763291
-37.8,37,361.915976
-10.0,20,361.980683
-10.0,17,362.039249
-49.2,43,362.189145
-10.0,2,362.207694
-81.9,39,362.356924
-68.7,14,362.40803
-10.0,13,362.459398
-32.7,36,362.611336
-10.0,2,362.626234
-10.0,140,363.139115
-40.5,3,363.155105
-30.6,29,363.278528
-10.0,20,363.351117
-24.3,35,363.482099
-46.2,3,363.488385
-53.7,11,363.539534
-10.0,48,363.712281
-10.0,10,363.755737
-23.7,34,363.883619
-23.1,20,369.747292
-10.0,19,369.830444
-23.1,43,369.997968
-22.5,109,370.315371
-42.9,14,370.353202
-10.0,20,370.415247
-10.0,16,370.479011
-10.0,20,370.555615
-10.0,10,370.594644
-35.7,16,370.636507
-8.4,92,370.889905
-10.0,19,370.951486
-10.0,91,371.215764
-10.0,161,371.727957
-10.0,6,371.753326
-49.8,24,371.86445
-30.0,3,371.900284
-10.0,39,372.062518
-28.8,10,372.083104
-10.0,13,372.108506
-10.0,31,372.177909
-33.0,10,372.200197
-27.0,7,372.222281
-10.0,11,372.273966
-10.0,51,372.470644
-33.6,1,372.475797
-27.9,12,372.512369
-53.7,11,372.546501
-40.5,3,372.570054
-10.0,100,373.015607
-31.2,42,373.172661
-10.0,90,373.498172
-10.0,14,373.561897
-10.0,21,373.636859
-20.1,82,373.938528
-81.0,21,374.007317
-10.0,18,374.090806
-36.0,44,374.258763
-63.0,15,374.31065
-34.8,35,374.449576
-10.0,32,374.553406
-30.6,26,374.628006
-12.3,46,374.798146
-7.5,110,375.187869
1.8,84,375.502269
-52.8,5,375.516944
-10.0,8,375.550188
-66.6,3,375.565559
-86.4,3,375.584375
4.2,122,376.043627
-10.0,4,376.061866
-10.0,12,376.11017
-20.4,38,376.261483
-10.0,57,376.481408
-10.0,25,376.576168
-83.7,12,376.62469
-35.7,1,376.637723
-10.0,121,383.013083
-10.0,38,383.128099
-10.0,7,383.149483
-10.0,11,383.179543
-65.4,7,383.198638
-34.2,49,383.385876
-10.0,108,383.683877
-23.1,20,383.754299
-10.0,17,383.790108
-22.8,30,383.870338
-47.1,24,383.921408
-10.0,25,383.999485
-10.0,13,384.041072
-44.1,5,384.055732
-26.1,65,384.239864
-10.0,118,384.715919
-31.5,39,384.8366
-21.0,75,385.097168
-47.4,5,385.116982
-54.6,35,385.286593
-10.0,30,385.427395
-26.4,16,385.472655
-28.2,11,385.506704
-33.0,12,385.558094
-11.1,67,385.798476
-33.3,9,385.826434
-23.1,1,385.838397
-10.0,75,386.122811
-10.0,30,386.241607
-40.2,14,386.290807
-44.4,4,386.309114
-10.0,26,386.421991
-66.0,17,386.490144
-10.0,136,386.929896
-39.3,7,386.961653
-10.0,2,386.976874
-10.0,3,386.999589
-10.0,35,387.146305
-10.0,31,387.243335
-35.1,28,387.304897
-32.1,42,387.433756
-36.3,1,387.440514
-9.9,67,387.699317
-10.0,40,387.858139
-40.2,7,387.887326
-10.0,40,387.987942
-10.0,47,388.167331
-10.0,11,388.200238
-24.9,21,388.251102
-54.9,26,388.322951
-18.9,40,388.412034
-10.0,82,388.709405
-10.0,27,388.782562
-43.8,19,388.870166
-10.0,23,388.931011
-10.0,26,388.996619
-10.0,14,389.054104
-37.5,5,389.078573
-10.0,12,389.12505
-10.0,10,389.17434
-10.0,20,389.229765
-18.6,58,389.400481
-10.0,45,389.565436
-10.0,50,395.341501
-10.0,3,395.353432
-10.0,4,395.36698
-21.9,33,395.471205
-39.6,49,395.663155
-21.0,27,395.759943
-10.0,19,395.836302
-10.0,42,395.970412
-10.0,15,396.032737
-10.0,19,396.138565
-60.3,27,396.226647
-10.0,20,396.313209
-48.6,2,396.335365
-10.0,42,396.489872
1.8,158,397.008608
-30.9,49,397.173636
-10.0,9,397.21963
-10.0,4,397.236485
-38.7,19,397.313145
-10.0,23,397.381114
-25.2,61,397.605712
-16.5,94,397.93998
-10.0,59,398.164097
-38.4,24,398.247148
-23.4,38,398.356527
-10.0,6,398.371101
-65.1,16,398.406827
-16.2,91,398.670792
-10.0,4,398.692898
-10.0,82,398.9151
-48.3,2,398.919771
-44.4,2,398.928934
-10.0,7,398.948186
-10.0,25,399.014358
-52.5,5,399.032957
-51.9,8,399.06969
-10.0,18,399.125201
-53.4,6,399.143337
-10.0,9,399.164839
-76.2,37,399.293485
-70.5,2,399.306742
-10.0,79,399.518837
-10.0,20,399.587302
-25.8,18,399.648957
-36.6,20,399.741345
-44.4,11,399.782823
-9.9,67,400.069959
-38.4,16,400.137206
-33.3,34,400.230867
-39.9,2,400.240008
-48.3,4,400.251866
-10.0,48,400.425475
-10.0,18,400.503216
-10.0,78,400.788705
-10.0,26,400.88603
-10.0,20,400.957396
-10.0,59,401.167847
-48.3,2,401.175278
-10.0,10,401.219686
-10.0,1,401.224766
-10.0,58,401.456634
-27.9,27,401.558758
-19.2,41,401.718833
-40.5,9,401.74982
-10.0,6,401.783238
-10.0,14,401.83619
-46.5,2,401.843844
-10.0,36,402.067994
-55.8,39,402.229822
-42.0,5,402.247521
-10.0,15,402.305472
-10.0,10,402.357363
-33.9,26,408.099738
-23.4,7,408.132006
-64.8,17,408.191993
-10.0,3,408.203525
-25.2,45,408.384221
-10.0,15,408.443602
-25.8,20,408.523853
-12.9,114,408.860603
-55.2,49,408.991484
-10.0,49,409.167762
-55.8,22,409.224665
-10.0,35,409.303559
-51.0,10,409.334999
-40.5,25,409.402959
-10.0,45,409.509944
-10.0,21,409.580664
-10.0,33,409.680526
-33.9,16,409.72051
-10.0,12,409.757127
-30.3,17,409.825345
-36.6,35,409.939555
-10.0,5,409.956669
-74.4,38,410.086784
-28.8,8,410.115428
-25.2,73,410.41337
-10.0,78,410.732825
-10.0,3,410.749105
-15.0,54,410.988879
-10.0,21,411.065248
-21.3,14,411.104482
-10.0,4,411.119301
-10.0,21,411.202036
-16.5,80,411.48286
-13.8,59,411.696705
-49.2,122,412.12541
-92.1,5,412.146708
-7.5,120,412.557264
-10.0,4,412.575192
-10.0,18,412.639904
-10.0,10,412.671982
-35.7,19,412.803196
-10.0,35,412.937849
-10.0,78,413.237471
-10.0,18,413.314569
-33.3,31,413.449653
-10.0,15,413.524354
-10.0,17,413.585383
-18.9,102,413.957241
-10.0,18,414.031564
-47.7,7,414.062566
-35.1,27,414.166898
-10.0,17,414.215192
-10.0,76,414.483576
-10.0,15,414.544714
-40.8,3,414.554402
-20.7,37,414.70225
-33.3,24,414.803578
-26.1,10,414.839777
-10.0,7,414.873338
-10.0,7,414.900082
-10.0,10,414.947293
-10.0,56,415.149103
-10.0,30,421.159841
-46.5,10,421.198806
-10.0,8,421.246113
-10.0,19,421.321348
-10.0,30,421.433169
-60.6,24,421.525543
-10.0,3,421.549525
-10.0,1,421.553946
-10.0,89,421.87404
-21.3,26,421.958399
-10.0,17,422.031333
-10.0,2,422.041262
-26.7,60,422.26001
-10.0,11,422.306605
-37.2,39,422.453171
-10.0,77,422.73466
-10.0,18,422.802335
-61.2,4,422.820681
-10.0,57,423.053092
-37.8,2,423.062956
-30.0,20,423.124448
-10.0,12,423.174591
-10.0,16,423.25191
-10.0,22,423.338064
-43.2,1,423.347768
-10.0,10,423.384763
-10.0,34,423.517021
-43.2,14,423.571387
-10.0,19,423.635521
-10.0,44,423.792356
-10.0,31,423.975591
-19.8,56,424.190563
-10.0,41,424.32986
-23.4,26,424.431415
-18.0,70,424.692937
-55.5,22,424.764582
-36.3,60,424.993965
-46.5,9,425.035915
-30.6,37,425.182514
-46.8,23,425.260159
-10.0,51,425.436806
-33.3,95,425.767649
-10.0,65,426.02635
-60.3,32,426.143179
-10.0,2,426.156244
-31.5,37,426.267917
-10.0,50,426.450569
-10.0,5,426.47112
-7.8,89,426.785758
-10.0,22,426.875403
-49.2,2,426.890507
-30.3,37,427.034134
-47.7,20,427.110762
-39.9,31,427.233088
-10.0,21,427.320745
-51.6,9,427.361121
-10.0,11,427.399525
-10.0,5,427.422608
-53.4,39,427.576576
-10.0,2,427.589832
-45.6,29,427.69854
-10.0,17,427.759565
-33.3,33,427.892252
-40.5,4,427.909959
-51.3,35,428.012311
-10.0,12,428.056418
-42.0,41,428.223727
-60.0,17,428.285813
-32.1,43,428.443669
-51.9,8,428.475957
-10.0,7,428.507108
-26.7,31,428.624815
-38.7,6,428.655623
