#{"t_start": 1786528249.9796882, "env_id": "None"}
r,l,t
-10.0,2,7.16032
-54.0,1,7.165547
-45.3,1,7.173437
-42.3,1,7.180156
-10.0,1,7.1947
-10.0,2,7.203067
-44.4,3,7.216685
-10.0,1,7.225416
-10.0,1,7.301771
-10.0,1,7.308784
-10.0,1,7.316374
-10.0,1,7.327183
-34.5,1,7.359965
-10.0,2,7.370362
-48.6,1,7.377592
-44.4,1,7.387334
-48.6,1,7.412575
-10.0,2,7.42532
-10.0,1,7.4417
-61.5,1,7.459936
-48.6,1,7.48552
-10.0,1,7.496768
-32.1,1,7.509598
-31.2,1,7.536512
-44.4,1,7.55615
-30.0,3,7.568576
-10.0,1,7.577632
-10.0,2,7.590075
-10.0,1,7.605384
-31.8,2,7.614121
-10.0,2,7.626417
-10.0,1,7.637712
-51.3,1,7.653231
-10.0,2,7.662724
-49.8,1,7.671764
-10.0,1,7.678412
-10.0,1,7.693573
-10.0,1,7.701872
-10.0,1,7.708048
-69.3,2,7.719735
-67.5,1,7.735399
-47.7,1,7.742742
-46.8,2,7.75263
-10.0,2,7.767326
-10.0,1,7.789371
-10.0,1,7.799387
-10.0,1,7.810765
-30.9,1,7.822944
-10.0,1,7.842182
-54.0,1,7.850229
-10.0,2,7.858564
-54.9,1,7.863861
-35.4,2,7.889037
-10.0,1,7.89837
-43.8,2,7.910588
-10.0,2,7.923437
-42.6,1,7.936645
-46.8,3,7.952037
-10.0,1,7.958651
-10.0,1,7.965518
-31.2,1,7.980079
-10.0,2,7.992808
-35.7,1,8.000243
-10.0,1,8.007672
-10.0,3,8.02721
-10.0,1,8.033011
-25.2,1,8.038069
-10.0,1,8.044964
-10.0,1,8.063162
-48.9,1,8.074419
-10.0,1,8.080678
-10.0,3,8.095673
-48.9,1,8.110272
-10.0,2,8.120961
-10.0,2,8.13316
-10.0,2,8.339428
-10.0,1,8.369843
-10.0,1,8.383559
-25.8,1,8.397508
-78.6,1,8.426175
-10.0,1,8.454545
-10.0,2,8.46889
-67.5,1,8.494555
-64.8,1,8.505246
-36.9,1,8.528817
-47.1,1,8.538139
-50.1,5,8.600707
-10.0,1,8.612775
-30.9,1,8.63713
-64.8,1,8.646354
-10.0,1,8.677101
-56.7,1,8.688301
-10.0,2,8.717734
-23.1,1,8.745287
-30.9,1,8.754656
-10.0,1,8.767957
-28.8,1,8.786207
-93.3,1,8.802498
-69.3,2,8.811257
-10.0,1,8.818584
-64.5,2,8.853821
-54.6,2,8.865232
-56.7,1,8.884171
-10.0,1,8.889189
-39.6,3,8.917953
-10.0,1,8.92599
-10.0,1,8.934134
-10.0,3,8.957586
-10.0,2,8.983016
-10.0,2,9.006099
-33.9,2,9.0173
-44.4,1,9.034927
-66.9,2,9.056126
-61.5,1,9.063239
-10.0,1,9.082448
-10.0,1,9.090784
-41.4,1,9.109017
-38.7,1,9.117222
-53.7,1,9.143231
-35.7,1,9.152885
-10.0,1,9.174548
-78.0,3,9.202817
-10.0,4,9.233717
-10.0,1,9.241331
-10.0,1,9.264057
-25.8,1,9.293009
-10.0,1,9.304018
-10.0,2,9.316694
-28.8,1,9.353152
-10.0,1,9.364454
-25.5,2,9.377487
-10.0,1,9.398116
-51.3,1,9.417416
-67.2,1,9.425464
-39.9,2,9.448555
-10.0,3,9.459744
-40.2,1,9.489597
-41.4,1,9.494756
-39.0,1,9.502854
-10.0,1,9.512429
-39.9,2,9.544631
-44.7,3,9.569908
-10.0,1,9.578229
-49.5,1,9.585311
-10.0,1,9.603154
-68.1,1,9.619514
-10.0,1,9.62703
-28.8,1,9.636541
-10.0,2,9.670712
-10.0,1,9.680685
-10.0,2,9.691222
-10.0,2,9.70959
-10.0,1,9.724744
-42.9,1,9.732549
-10.0,1,9.750597
-77.7,4,9.772756
-10.0,1,9.790659
-66.9,2,9.800489
-10.0,1,9.910475
-10.0,2,9.919826
-10.0,2,9.95616
-78.6,1,9.970538
-49.5,1,9.9781
-49.2,2,10.011508
-10.0,1,10.041378
-10.0,2,10.058564
-44.7,1,10.092942
-10.0,1,10.103867
-43.2,1,10.129218
-38.4,1,10.139202
-56.4,2,10.167872
-51.0,2,10.181399
-53.7,2,10.2291
-48.6,1,10.239141
-10.0,2,10.264058
-48.9,1,10.272691
-10.0,1,10.29411
-66.9,3,10.324025
-24.6,3,10.353073
-10.0,2,10.366063
-61.2,4,10.417871
-10.0,1,10.427918
-10.0,3,10.457438
-10.0,1,10.466808
-44.1,1,10.500483
-32.1,1,10.510444
-67.5,1,10.519217
-23.1,1,10.528665
-28.8,1,10.561646
-10.0,4,10.58943
-93.3,1,10.597804
-69.6,1,10.607125
-40.2,1,10.626164
-10.0,1,10.645081
-84.6,4,10.669967
-10.0,1,10.676928
-38.7,2,10.698698
-35.7,1,10.718267
-10.0,1,10.72734
-45.0,2,10.743868
-35.7,1,10.793107
-25.2,1,10.806346
-10.0,1,10.817721
-10.0,2,10.848305
-60.9,3,10.8821
-31.5,1,10.909323
-10.0,1,10.920932
-45.3,1,10.931811
-30.6,4,10.98661
-10.0,2,11.015207
-10.0,2,11.030141
-48.6,1,11.040437
-43.5,4,11.087443
-31.5,3,11.114104
-10.0,1,11.123078
-33.3,4,11.154401
-10.0,1,11.194541
-10.0,1,11.205896
-10.0,1,11.215505
-10.0,1,11.221938
-33.0,3,11.255255
-10.0,1,11.264637
-10.0,1,11.28419
-42.0,5,11.31138
-48.6,1,11.331028
-54.9,1,11.340475
-10.0,2,11.362949
-28.8,1,11.367882
-10.0,1,11.384567
-10.0,1,11.399987
-10.0,3,11.41153
-68.1,1,11.426806
-70.5,2,11.448229
-47.7,1,11.456527
-10.0,1,11.474952
-10.0,2,11.484359
-10.0,1,11.502562
-41.7,3,11.525732
-54.3,3,11.546394
-10.0,1,11.55333
-10.0,1,11.5683
-10.0,2,11.586161
-10.0,2,11.596339
-10.0,1,11.609883
-10.0,1,11.625507
-10.0,2,11.633116
-47.4,2,11.655495
-43.5,1,11.66364
-10.0,3,11.707072
-65.4,1,11.714834
-43.2,1,11.722133
-44.1,1,11.735982
-32.1,1,11.75109
-10.0,1,11.757179
-10.0,2,11.771083
-10.0,1,11.778441
-44.4,1,11.792768
-10.0,4,11.815654
-10.0,2,11.836752
-10.0,5,11.855321
-10.0,1,11.870658
-10.0,2,11.885765
-42.6,2,11.893569
-31.2,1,11.90128
-10.0,1,11.936961
-10.0,1,11.949241
-10.0,5,11.97821
-10.0,1,11.988199
-10.0,2,12.022434
-36.3,1,12.032973
-42.9,1,12.042673
-38.4,1,12.061288
-10.0,2,12.088271
-10.0,9,12.144803
-10.0,1,12.166324
-48.3,4,12.196695
-10.0,1,12.217213
-10.0,1,12.225786
-10.0,1,12.234185
-44.7,2,12.256699
-34.2,1,12.278823
-10.0,3,12.307231
-10.0,1,12.315709
-10.0,2,12.346233
-10.0,2,12.368577
-10.0,1,12.376517
-67.2,2,12.396735
-28.5,2,12.40896
-10.0,1,12.446251
-53.7,2,12.457094
-10.0,2,12.477567
-30.9,3,12.489408
-85.5,1,12.518332
-43.2,1,12.526589
-10.0,2,12.537308
-43.2,1,12.55305
-10.0,2,12.573591
-10.0,2,12.597185
-33.6,1,12.603616
-38.1,2,12.613108
-35.7,1,12.641086
-72.0,3,12.655589
-10.0,1,12.676178
-10.0,2,12.688938
-10.0,2,12.726976
-46.5,2,12.740062
-10.0,3,12.773355
-66.9,2,12.790797
-10.0,2,12.985487
-10.0,1,12.995513
-10.0,1,13.0063
-44.1,2,13.048323
-35.7,1,13.068887
-33.6,1,13.077478
-10.0,1,13.10706
-10.0,1,13.116319
-34.2,2,13.137556
-10.0,3,13.169034
-10.0,2,13.195076
-30.9,1,13.203798
-44.4,2,13.231175
-56.4,2,13.258926
-10.0,2,13.273233
-87.0,1,13.296163
-10.0,1,13.319451
-10.0,1,13.328737
-10.0,1,13.337146
-41.1,2,13.360222
-46.5,2,13.384915
-66.9,2,13.410372
-10.0,1,13.42064
-42.6,2,13.442724
-54.6,2,13.464071
-10.0,1,13.471497
-10.0,1,13.487014
-56.4,2,13.495583
-45.0,2,13.531715
-10.0,4,13.558669
-10.0,1,13.567596
-10.0,1,13.577312
-10.0,1,13.59743
-10.0,1,13.620667
-10.0,2,13.635845
-48.3,2,13.669765
-25.2,1,13.697058
-44.4,1,13.70881
-10.0,4,13.748843
-10.0,3,13.781173
-10.0,3,13.828648
-10.0,1,13.83945
-61.5,2,13.853295
-64.5,4,13.884531
-42.6,2,13.923717
-42.0,2,13.936237
-10.0,2,13.960576
-10.0,4,13.989733
-47.1,2,14.013838
-30.9,1,14.038031
-51.3,1,14.047928
-10.0,1,14.062361
-10.0,2,14.102419
-30.9,1,14.111011
-10.0,1,14.116487
-10.0,2,14.132798
-35.7,1,14.150689
-10.0,1,14.159854
-10.0,1,14.167751
-10.0,1,14.185097
-10.0,1,14.205728
-54.0,1,14.214576
-42.9,2,14.236579
-10.0,2,14.243056
-42.6,4,14.278371
-42.9,1,14.285457
-10.0,1,14.302588
-51.3,1,14.30971
-33.6,4,14.342171
-10.0,1,14.348657
-42.6,2,14.365794
-10.0,1,14.373298
-10.0,3,14.406944
-61.5,3,14.420044
-10.0,2,14.437007
-10.0,1,14.444624
-10.0,3,14.477759
-10.0,2,14.48832
-10.0,1,14.505215
-10.0,1,14.511805
-10.0,2,14.529973
-10.0,2,14.550511
-53.4,1,14.557061
-10.0,1,14.564515
-35.7,1,14.58687
-36.3,1,14.592103
-48.0,3,14.611109
-10.0,1,14.62079
-10.0,1,14.644472
-10.0,2,14.675068
-33.6,1,14.683994
-41.4,3,14.712512
-10.0,2,14.738685
-10.0,1,14.74776
-10.0,2,14.768502
-31.5,1,14.777804
-10.0,1,14.799648
-48.6,1,14.820725
-10.0,1,14.82613
-46.8,1,14.834727
-60.6,6,14.88975
-70.8,1,14.896872
-42.9,2,14.906764
-35.1,1,14.924226
-33.6,3,14.948372
-38.7,1,14.969479
-70.5,2,14.983214
-44.1,2,15.012059
-10.0,1,15.032825
-33.3,2,15.044232
-42.9,1,15.064814
-10.0,2,15.075452
-10.0,3,15.105546
-10.0,1,15.113062
-10.0,1,15.12118
-10.0,1,15.138842
-10.0,2,15.161005
-54.6,2,15.180646
-10.0,1,15.187812
-56.4,2,15.198312
-38.4,1,15.223186
-10.0,1,15.227419
-10.0,1,15.233994
-34.5,1,15.239941
-72.6,1,15.261344
-10.0,2,15.267865
-42.3,1,15.274991
-33.6,1,15.288203
-10.0,1,15.3049
-31.2,1,15.311209
-10.0,4,15.330913
-40.2,4,15.352651
-10.0,1,15.368756
-54.9,1,15.385437
-10.0,1,15.392065
-10.0,1,15.398165
-10.0,2,15.436193
-78.6,1,15.445032
-42.0,1,15.451657
-85.2,2,15.471796
-10.0,2,15.49388
-33.6,1,15.501023
-44.7,3,15.52606
-10.0,1,15.533807
-10.0,2,15.564826
-10.0,3,15.593904
-10.0,1,15.604985
-10.0,3,15.634207
-46.8,1,15.655369
-69.6,1,15.664015
-41.1,1,15.673491
-10.0,1,15.698026
-10.0,1,15.720967
-10.0,1,15.730015
-10.0,1,15.738957
-10.0,1,15.758437
-10.0,3,15.787202
-45.3,1,15.8057
-66.6,4,15.830355
-36.3,1,15.837753
-30.9,5,15.875762
-61.8,2,15.892921
-34.5,1,15.900903
-56.7,1,15.909707
-10.0,1,15.928727
-48.9,1,15.946656
-10.0,1,15.952578
-10.0,1,15.960283
-10.0,1,15.978041
-10.0,1,15.995719
-78.3,2,16.005158
-56.4,2,16.02499
-33.3,2,16.047187
-10.0,2,16.073313
-10.0,1,16.081651
-10.0,2,16.092081
-10.0,2,16.122879
-28.5,2,16.133636
-43.2,1,16.150286
-10.0,1,16.157719
-30.9,1,16.176641
-10.0,1,16.183759
-10.0,1,16.202309
-10.0,2,16.211297
-10.0,1,16.229197
-39.9,2,16.249401
-10.0,1,16.256091
-10.0,1,16.26371
-10.0,1,16.290985
-10.0,1,16.298494
-31.2,1,16.305853
-10.0,2,16.323585
-35.4,2,16.344417
-45.3,1,16.350896
-10.0,5,16.383117
-10.0,3,16.394038
-34.2,1,16.417752
-61.5,1,16.425331
-10.0,2,16.434633
-53.7,1,16.449534
-10.0,2,16.467292
-28.2,3,16.484597
-10.0,1,16.49045
-10.0,1,16.496033
-41.1,1,16.519402
-10.0,1,16.525715
-85.5,1,16.534208
-56.1,3,16.551668
-49.2,3,16.585963
-62.4,1,16.593345
-10.0,2,16.603213
-10.0,3,16.619588
-10.0,2,16.648001
-10.0,1,16.657171
-54.9,1,16.665781
-10.0,3,16.690976
-10.0,1,16.714609
-42.0,1,16.723883
-30.6,3,16.751266
-46.8,1,16.761086
-10.0,2,16.807629
-31.2,1,16.818263
-35.7,3,16.843617
-10.0,1,16.852808
-10.0,1,16.874448
-33.3,2,16.895339
-10.0,3,16.91637
-47.1,2,16.927871
-61.2,2,16.959783
-34.5,5,16.989656
-10.0,2,16.997493
-10.0,1,17.010006
-10.0,1,17.028959
-41.1,1,17.036195
-54.3,3,17.061909
-10.0,2,17.074178
-10.0,2,17.104664
-10.0,1,17.112514
-10.0,3,17.12962
-10.0,1,17.136515
-48.0,3,17.168708
-10.0,1,17.176644
-56.4,2,17.193607
-40.8,2,17.199598
-72.6,1,17.215052
-10.0,3,17.23713
-10.0,1,17.242947
-10.0,1,17.256162
-33.6,4,17.285998
-10.0,2,17.294888
-10.0,1,17.303201
-10.0,1,17.318151
-10.0,3,17.337284
-64.8,3,17.358075
-10.0,1,17.36504
-10.0,7,17.393575
-49.8,1,17.408403
-10.0,1,17.425336
-10.0,1,17.431764
-10.0,1,17.437241
-10.0,3,17.467475
-10.0,3,17.487102
-10.0,1,17.491508
-10.0,1,17.496621
-10.0,1,17.511492
-10.0,2,17.531775
-10.0,1,17.537637
-10.0,2,17.554959
-10.0,1,17.570852
-10.0,1,17.577203
-30.9,1,17.582336
-55.8,4,17.603065
-10.0,4,17.631667
-64.5,2,17.650211
-56.7,1,17.656413
-10.0,2,17.671427
-49.5,1,17.688012
-30.9,2,17.696748
-10.0,3,17.71736
-51.0,2,17.742801
-10.0,3,17.773142
-10.0,1,17.796993
-10.0,7,17.828666
-25.2,1,17.847442
-10.0,1,17.865184
-10.0,1,17.873027
-44.7,1,17.882848
-56.7,1,17.905018
-27.6,5,17.950818
-10.0,7,17.98804
-36.9,1,17.995547
-10.0,2,18.005594
-38.7,1,18.036083
-53.7,2,18.045292
-10.0,2,18.063318
-38.1,3,18.076705
-10.0,2,18.1038
-61.8,1,18.111907
-44.7,1,18.119169
-48.6,1,18.133598
-10.0,1,18.153404
-67.8,2,18.16751
-10.0,1,18.184696
-48.9,1,18.191931
-44.4,1,18.210408
-10.0,5,18.233216
-93.3,1,18.25018
-69.3,2,18.260876
-53.4,2,18.293368
-31.5,1,18.300434
-10.0,1,18.306656
-37.8,4,18.331652
-42.3,1,18.347439
-10.0,1,18.364818
-66.9,3,18.372483
-43.5,1,18.386
-10.0,2,18.402359
-28.8,1,18.407894
-10.0,1,18.423476
-35.4,2,18.431717
-10.0,4,18.462855
-10.0,3,18.47912
-33.3,5,18.501187
-44.4,2,18.518208
-10.0,1,18.534242
-42.9,1,18.540077
-32.1,1,18.548132
-92.7,3,18.56806
-10.0,1,18.582456
-42.9,1,18.599584
-39.9,2,18.608108
-10.0,1,18.61471
-10.0,4,18.649065
-87.0,1,18.672549
-68.1,1,18.679639
-10.0,4,18.709416
-53.4,3,18.75633
-44.1,3,18.774971
-48.9,1,18.792486
-60.9,4,18.815796
-45.3,1,18.834457
-40.8,2,18.849133
-49.2,1,18.869049
-10.0,1,18.878536
-43.2,1,18.901251
-56.1,3,18.930252
-66.9,2,18.940972
-61.8,1,18.957636
-30.9,1,18.979537
-10.0,6,19.010293
-28.8,4,19.03299
-33.6,1,19.045878
-42.9,2,19.065635
-34.5,1,19.07039
-40.8,3,19.095469
-43.2,1,19.10233
-36.3,1,19.134294
-10.0,1,19.142371
-48.6,1,19.149715
-10.0,1,19.156777
-10.0,1,19.182056
-38.7,1,19.190877
-10.0,1,19.198137
-10.0,4,19.222596
-10.0,1,19.23891
-51.3,1,19.25322
-10.0,1,19.262276
-48.6,1,19.268817
-10.0,2,19.294513
-44.1,4,19.311761
-10.0,3,19.323025
-62.1,1,19.334212
-48.6,1,19.34904
-10.0,6,19.370023
-10.0,1,19.383463
-10.0,1,19.387886
-65.7,7,19.431295
-56.4,2,19.437772
-49.2,2,19.45208
-10.0,2,19.45806
-10.0,4,19.484967
-10.0,1,19.491331
-44.1,3,19.514607
-10.0,1,19.524849
-10.0,1,19.55161
-10.0,1,19.556241
-51.3,1,19.561911
-44.4,1,19.57118
-10.0,1,19.598876
-35.7,3,19.609726
-10.0,1,19.627812
-50.7,3,19.63948
-43.2,1,19.665735
-38.7,1,19.672677
-10.0,1,19.683037
-10.0,2,19.706413
-33.6,1,19.730009
-10.0,1,19.741512
-42.3,1,19.75249
-10.0,2,19.781595
-10.0,1,19.805995
-10.0,3,19.836211
-10.0,1,19.845975
-42.6,3,19.872952
-10.0,2,19.898216
-30.6,2,19.92244
-31.2,1,19.931826
-10.0,3,19.967104
-10.0,4,20.010748
-44.1,1,20.018707
-28.8,1,20.027632
-10.0,6,20.069779
-38.4,2,20.089304
-10.0,2,20.112424
-10.0,1,20.119109
-10.0,1,20.127075
-10.0,3,20.160326
-35.4,2,20.181655
-10.0,2,20.189847
-10.0,1,20.197139
-10.0,1,20.223708
-45.3,1,20.230491
-48.3,2,20.240394
-43.5,1,20.254193
-10.0,1,20.272248
-54.0,1,20.280298
-10.0,3,20.302459
-10.0,1,20.310226
-34.2,2,20.342723
-43.2,1,20.351643
-34.5,1,20.360022
-10.0,1,20.365791
-10.0,10,20.436796
-10.0,1,20.445195
-69.3,2,20.461046
-32.4,7,20.494476
-10.0,1,20.520476
-35.7,1,20.528786
-10.0,1,20.536053
-41.7,2,20.557215
-10.0,8,20.629639
-10.0,1,20.637935
-10.0,1,20.647346
-46.5,2,20.672583
-45.0,1,20.693724
-62.1,1,20.703751
-67.2,1,20.713539
-10.0,2,20.735736
-10.0,1,20.758249
-10.0,1,20.767525
-33.3,2,20.792211
-10.0,2,20.804932
-42.9,2,20.842155
-10.0,2,20.85575
-69.6,1,20.878156
-10.0,3,20.904863
-35.7,1,20.938403
-10.0,1,20.947746
-10.0,2,20.958613
-53.7,2,20.978272
-38.1,3,21.018779
-10.0,1,21.027676
-10.0,1,21.035756
-10.0,1,21.045115
-42.0,2,21.080885
-48.6,1,21.089339
-41.1,1,21.098308
-10.0,1,21.113312
-46.2,3,21.136481
-10.0,2,21.155458
-34.2,1,21.161865
-68.1,1,21.169424
-48.6,1,21.198224
-69.6,1,21.204651
-10.0,2,21.218898
-33.6,1,21.237876
-54.0,1,21.255267
-52.8,5,21.281948
-10.0,2,21.297007
-10.0,1,21.304755
-42.3,2,21.32687
-70.8,1,21.347097
-51.3,1,21.353459
-60.9,3,21.373801
-47.4,5,21.411526
-10.0,4,21.450784
-10.0,1,21.467152
-42.9,1,21.477804
-45.3,1,21.521971
-60.9,3,21.539861
-41.7,2,21.569613
-31.5,3,21.603256
-10.0,3,21.633589
-54.9,1,21.655588
-48.6,1,21.663982
-10.0,1,21.673044
-10.0,1,21.69248
-10.0,1,21.714065
-41.7,4,21.7394
-10.0,1,21.744321
-41.1,1,21.763043
-10.0,3,21.791332
-10.0,2,21.803667
-48.3,2,21.825501
-10.0,1,21.842952
-33.3,2,21.865547
-10.0,1,21.872094
-10.0,2,21.88296
-65.4,1,21.911502
-10.0,1,21.921335
-78.6,1,21.927884
-10.0,1,21.934853
-37.8,3,21.973784
-10.0,2,21.99577
-10.0,4,22.021415
-45.3,1,22.029371
-36.6,2,22.049501
-51.3,1,22.070237
-10.0,1,22.077754
-30.9,1,22.082485
-38.1,1,22.102074
-10.0,1,22.116727
-10.0,3,22.129156
-10.0,6,22.170971
-10.0,2,22.190701
-10.0,1,22.206828
-10.0,1,22.214437
-53.7,2,22.224821
-56.7,1,22.258769
-53.4,6,22.296907
-10.0,5,22.338336
-10.0,1,22.360902
-33.6,1,22.388623
-10.0,1,22.401286
-10.0,2,22.445134
-10.0,2,22.462714
-42.3,1,22.489455
-10.0,2,22.516502
-46.8,3,22.543103
-10.0,2,22.554203
-48.9,1,22.573416
-39.3,4,22.608676
-39.9,2,22.634393
-10.0,2,22.645306
-10.0,4,22.689837
-28.8,1,22.7061
-10.0,1,22.713968
-39.9,5,22.744434
-10.0,1,22.764773
-39.9,5,22.809361
-10.0,3,22.824979
-10.0,2,22.845059
-10.0,1,22.862539
-10.0,1,22.866928
-33.6,1,22.88381
-10.0,2,22.89149
-10.0,4,22.927832
-10.0,2,22.948276
-10.0,1,22.954968
-64.2,3,22.986874
-10.0,1,23.015899
-65.1,2,23.034369
-10.0,2,23.119183
-41.7,6,23.18983
-10.0,2,23.236336
-33.6,1,23.250903
-10.0,3,23.295162
-47.1,6,23.336473
-10.0,3,23.383244
-53.4,1,23.391003
-10.0,2,23.414221
-69.0,3,23.445908
-10.0,2,23.475073
-10.0,1,23.487525
-32.1,1,23.528554
-10.0,1,23.541821
-48.0,4,23.593408
-10.0,1,23.60171
-40.8,2,23.630165
-54.3,3,23.64695
-10.0,1,23.680928
-10.0,1,23.689262
-10.0,1,23.698535
-10.0,2,23.719274
-43.2,1,23.738846
-40.2,1,23.746075
-53.1,2,23.768008
-38.1,3,23.77988
-10.0,1,23.80948
-10.0,2,23.82464
-10.0,3,23.856156
-10.0,2,23.869067
-42.3,1,23.908784
-64.5,4,23.950849
-10.0,1,23.962715
-49.8,1,23.973712
-10.0,1,24.000829
-46.8,2,24.166988
-10.0,1,24.177376
-43.2,1,24.214303
-10.0,2,24.276999
-51.3,1,24.289218
-53.7,2,24.319788
-30.9,5,24.359456
-10.0,2,24.387777
-10.0,2,24.413013
-10.0,1,24.422754
-10.0,3,24.452163
-42.3,2,24.473399
-43.2,5,24.522138
-44.1,2,24.535981
-10.0,1,24.543549
-48.3,2,24.578734
-28.8,1,24.587595
-31.5,3,24.618904
-45.6,5,24.66186
-53.1,3,24.713091
-69.0,3,24.745987
-10.0,1,24.758897
-54.6,2,24.775817
-10.0,1,24.821107
-28.8,1,24.831722
-61.8,1,24.844136
-25.8,1,24.85521
-10.0,1,24.892919
-10.0,2,24.908363
-10.0,3,24.940053
-10.0,2,24.953399
-47.4,1,24.991767
-46.8,1,25.007497
-10.0,1,25.016433
-48.3,2,25.039199
-10.0,1,25.062293
-49.2,2,25.078947
-86.7,2,25.101821
-10.0,3,25.128386
-10.0,1,25.148362
-35.1,3,25.170892
-10.0,1,25.177855
-10.0,2,25.185987
-69.0,3,25.226334
-33.9,2,25.246923
-51.3,1,25.255753
-10.0,4,25.279716
-36.3,9,25.338804
-10.0,1,25.3478
-42.9,6,25.385765
-10.0,4,25.408969
-49.5,1,25.423972
-10.0,1,25.430642
-31.5,1,25.448699
-43.5,1,25.456141
-10.0,1,25.474056
-49.5,1,25.481791
-10.0,1,25.499408
-10.0,1,25.507741
-69.3,2,25.529564
-10.0,1,25.547904
-10.0,3,25.559757
-10.0,1,25.574512
-10.0,1,25.591575
-10.0,2,25.600943
-42.3,3,25.630979
-42.0,6,25.693011
-53.4,3,25.721978
-53.7,2,25.749952
-10.0,4,25.78532
-10.0,1,25.794539
-51.0,2,25.833781
-10.0,2,25.846483
-32.1,1,25.855467
-10.0,7,25.894269
-10.0,1,25.912556
-10.0,5,25.953515
-40.5,8,25.995452
-10.0,3,26.008541
-54.0,1,26.039215
-44.7,3,26.054741
-10.0,1,26.073062
-10.0,7,26.105385
-53.1,3,26.141184
-44.1,2,26.159219
-10.0,1,26.167887
-10.0,3,26.187786
-10.0,1,26.204979
-42.3,1,26.213248
-10.0,5,26.239929
-36.3,3,26.260651
-42.9,2,26.288316
-35.1,3,26.30046
-43.8,6,26.33635
-10.0,1,26.344363
-54.9,7,26.393411
-32.4,8,26.432168
-66.0,5,26.453229
-49.2,3,26.472848
-33.6,1,26.487568
-10.0,2,26.506458
-68.1,1,26.512597
-10.0,1,26.517489
-34.5,1,26.531965
-42.0,5,26.565226
-10.0,2,26.574155
-40.2,1,26.580912
-10.0,2,26.608838
-10.0,2,26.618279
-48.6,1,26.630476
-10.0,2,26.638129
-10.0,8,26.692395
-44.1,1,26.698519
-64.8,3,26.71827
-35.4,2,26.734869
-10.0,1,26.750642
-10.0,1,26.757553
-36.9,5,26.795354
-10.0,9,26.852346
-10.0,5,26.908124
-10.0,5,26.937521
-10.0,7,26.981094
-33.6,1,26.988627
-25.8,1,27.009894
-41.7,6,27.055909
-48.6,3,27.079271
-10.0,1,27.086911
-10.0,3,27.124132
-41.7,2,27.134849
-10.0,6,27.176461
-53.4,1,27.185052
-24.9,2,27.207362
-70.8,1,27.226955
-10.0,3,27.241212
-10.0,1,27.259929
-10.0,1,27.278621
-10.0,1,27.286731
-10.0,4,27.307846
-42.3,3,27.32822
-46.8,2,27.349757
-10.0,1,27.365691
-28.8,1,27.370051
-10.0,1,27.37439
-10.0,1,27.390661
-34.8,4,27.416536
-10.0,1,27.433106
-10.0,2,27.442012
-47.4,5,27.476812
-10.0,1,27.49193
-28.8,4,27.510785
-43.5,5,27.531456
-31.8,2,27.548058
-54.0,1,27.56199
-10.0,3,27.572855
-10.0,4,27.593337
-10.0,3,27.620287
-93.3,1,27.626239
-46.8,1,27.64021
-10.0,4,27.657459
-47.4,2,27.673119
-10.0,2,27.691859
-10.0,1,27.700334
-10.0,3,34.881821
-10.0,4,34.910006
-10.0,1,34.915615
-10.0,3,34.933131
-42.6,3,34.941334
-10.0,4,34.969795
-10.0,4,34.989544
-10.0,4,35.018742
-10.0,4,35.046665
-48.6,1,35.078379
-10.0,2,35.091916
-10.0,3,35.116586
-64.5,2,35.128603
-10.0,1,35.169913
-40.2,1,35.179131
-85.5,1,35.189388
-67.2,1,35.199862
-42.6,3,35.259011
-10.0,2,35.284859
-10.0,3,35.307454
-44.7,1,35.331101
-45.3,1,35.354313
-46.2,3,35.380556
-10.0,4,35.409457
-31.8,2,35.419636
-41.1,1,35.43796
-40.5,3,35.458939
-44.4,2,35.482071
-10.0,1,35.490498
-10.0,4,35.527432
-46.5,5,35.553768
-10.0,3,35.569248
-10.0,2,35.575905
-10.0,1,35.601196
-48.6,2,35.608896
-87.0,1,35.618071
-47.1,2,35.635489
-54.9,1,35.654207
-31.8,2,35.671737
-10.0,1,35.680497
-10.0,1,35.686797
-69.0,3,35.720412
-10.0,3,35.742157
-10.0,2,35.753842
-28.8,1,35.762034
-10.0,2,35.792403
-10.0,3,35.816545
-10.0,1,35.825755
-43.2,4,35.854905
-10.0,1,35.877105
-54.0,1,35.886679
-10.0,1,35.905412
-10.0,9,35.977327
-70.8,1,36.003116
-44.7,2,36.034771
-30.9,3,36.056825
-53.7,1,36.084839
-10.0,1,36.113983
-10.0,3,36.148306
-10.0,1,36.156468
-69.3,2,36.165107
-66.9,2,36.204986
-10.0,2,36.216462
-49.5,1,36.236969
-44.1,2,36.245541
-10.0,1,36.268412
-10.0,3,36.292633
-10.0,3,36.318205
-10.0,2,36.327368
-10.0,2,36.363234
-10.0,1,36.373556
-50.7,10,36.4451
-61.8,1,36.454151
-10.0,1,36.473014
-10.0,1,36.482144
-61.5,3,36.508315
-10.0,1,36.517054
-43.2,1,36.549236
-48.9,2,36.562214
-61.8,1,36.570377
-30.9,1,36.589757
-10.0,4,36.637192
-67.8,2,36.652962
-10.0,5,36.699907
-48.6,1,36.725589
-10.0,2,36.757688
-10.0,2,36.789274
-54.9,1,36.799432
-53.4,3,36.836846
-10.0,3,36.86289
-10.0,1,36.882455
-10.0,1,36.890728
-10.0,4,36.92443
-10.0,1,36.947747
-10.0,4,36.972737
-40.8,2,36.989643
-59.7,8,37.033795
-10.0,1,37.053474
-56.7,1,37.062852
-10.0,3,37.085456
-10.0,1,37.092772
-44.4,2,37.1259
-10.0,2,37.136155
-10.0,1,37.143754
-10.0,1,37.159137
-10.0,3,37.183347
-42.3,4,37.209337
-41.1,5,37.254004
-42.9,2,37.26327
-40.8,5,37.299246
-54.0,4,37.328257
-44.1,2,37.350203
-38.4,1,37.357588
-40.2,1,37.375386
-30.9,2,37.395545
-25.2,3,37.418607
-32.1,1,37.426358
-10.0,2,37.449251
-54.9,1,37.475378
-46.5,2,37.491133
-35.1,5,37.531871
-25.5,2,37.578544
-42.3,1,37.591533
-43.2,2,37.623575
-10.0,1,37.634138
-10.0,10,37.721774
-45.9,5,37.768944
-10.0,3,37.784808
-10.0,1,37.805588
-47.1,6,37.859767
-10.0,2,37.884741
-56.7,1,37.892242
-10.0,1,37.900424
-48.6,1,37.91837
-53.4,3,37.940921
-10.0,6,37.995663
-30.3,3,38.011649
-44.7,3,38.047425
-24.6,3,38.071562
-48.6,1,38.079254
-45.3,12,38.1441
-10.0,3,38.178188
-45.0,2,38.18617
-10.0,2,38.205748
-44.4,1,38.212703
-10.0,1,38.226777
-10.0,10,38.290783
-10.0,8,38.340376
-10.0,2,38.354506
-10.0,1,38.397872
-10.0,3,38.418178
-56.7,1,38.441427
-10.0,4,38.47681
-30.6,1,38.502776
-10.0,1,38.514757
-44.1,5,38.576796
-44.4,4,38.745007
-10.0,2,38.799363
-44.4,4,38.828702
-55.8,4,38.863807
-10.0,2,38.873039
-10.0,4,38.921249
-10.0,2,38.945516
-72.6,1,38.954797
-34.2,2,38.978034
-31.5,1,38.998337
-53.4,1,39.007645
-67.8,7,39.057549
-10.0,6,39.092875
-42.3,1,39.132032
-33.6,1,39.142003
-42.9,1,39.153343
-10.0,1,39.163686
-10.0,4,39.220556
-10.0,2,39.24484
-45.0,2,39.261138
-10.0,3,39.297792
-48.3,2,39.334099
-10.0,2,39.344461
-10.0,2,39.365273
-48.0,4,39.39499
-10.0,1,39.415698
-31.5,1,39.424573
-10.0,6,39.474535
-10.0,1,39.483714
-28.5,5,39.528004
-10.0,9,39.585962
-30.3,2,39.610974
-44.1,4,39.638928
-35.1,1,39.659075
-65.4,7,39.711799
-10.0,5,39.739911
-10.0,1,39.747619
-10.0,2,39.779559
-30.9,2,39.79253
-10.0,2,39.815745
-10.0,1,39.823896
-28.5,2,39.856995
-41.1,2,39.870043
-40.8,2,39.890788
-10.0,2,39.900522
-10.0,17,40.054915
-10.0,6,40.124546
-10.0,6,40.169476
-56.4,2,40.190186
-61.2,4,40.227123
-44.4,1,40.235279
-30.0,4,40.264979
-48.6,1,40.27358
-42.6,10,40.366457
-10.0,1,40.375296
-41.7,3,40.404729
-38.1,1,40.412496
-33.3,5,40.452612
-10.0,10,40.511482
-39.0,8,40.556099
-10.0,2,40.566972
-10.0,1,40.594891
-64.5,4,40.621879
-24.0,5,40.649375
-10.0,1,40.655702
-10.0,7,40.720954
-36.0,4,40.769185
-10.0,3,40.803938
-10.0,7,40.856729
-32.1,1,40.899171
-42.0,2,40.912767
-10.0,1,40.924461
-48.6,1,40.946955
-31.2,2,40.973837
-43.8,3,41.004871
-60.6,5,41.046995
-10.0,2,41.079562
-10.0,1,41.102253
-10.0,2,41.114626
-10.0,1,41.139629
-10.0,1,41.148429
-37.2,6,41.198819
-43.2,5,41.243468
-10.0,3,41.256049
-10.0,4,41.281507
-10.0,3,41.321026
-10.0,2,41.344287
-42.3,4,41.368221
-39.0,1,41.374499
-10.0,5,41.415968
-68.1,1,41.424175
-10.0,6,41.460845
-42.9,1,41.468296
-47.1,1,41.484052
-10.0,4,41.513117
-32.1,1,41.529623
-10.0,2,41.541098
-10.0,3,41.5844
-10.0,6,41.638331
-42.0,3,41.675494
-49.8,1,41.686787
-37.5,3,41.740605
-10.0,2,41.77038
-42.9,6,41.815271
-10.0,2,41.83404
-10.0,7,41.891204
-37.5,6,41.939009
-32.1,1,41.948694
-10.0,2,41.970647
-45.9,4,42.012017
-10.0,3,42.028349
-61.8,1,42.048872
-44.4,2,42.06009
-69.6,1,42.080949
-10.0,2,42.101829
-53.1,4,42.130977
-49.2,2,42.141627
-10.0,1,42.170651
-10.0,1,42.179637
-33.3,9,42.235527
-27.0,7,42.285076
-30.9,5,42.351222
-43.5,5,42.399637
-66.3,7,42.47145
-46.2,4,42.510178
-10.0,1,42.533191
-36.3,1,42.553956
-62.4,1,42.563541
-41.1,1,42.572295
-10.0,4,42.619014
-10.0,7,42.666075
-10.0,1,42.675149
-44.1,1,42.68081
-10.0,2,42.709693
-37.8,4,42.740442
-10.0,5,42.77088
-10.0,4,42.796169
-10.0,2,42.830042
-10.0,8,42.88374
-32.1,1,42.891466
-43.2,1,42.89734
-10.0,4,42.932456
-69.6,5,42.959179
-53.1,7,43.002887
-10.0,2,43.022708
-10.0,2,43.043916
-69.0,3,43.070866
-10.0,1,43.078397
-10.0,2,43.098222
-32.1,1,43.116252
-46.8,1,43.123004
-10.0,1,43.130709
-85.5,1,43.147658
-10.0,3,43.182097
-47.7,1,43.20781
-48.6,1,43.219752
-10.0,8,43.296618
-10.0,2,43.33135
-31.8,7,43.39843
-38.7,2,43.424113
-30.9,1,43.432862
-22.8,2,43.46061
-10.0,1,43.480152
-25.8,1,43.487715
-43.8,4,43.516999
-30.9,1,43.540564
-10.0,13,43.629503
-10.0,8,43.682285
-42.9,2,43.703341
-10.0,1,43.72365
-53.4,1,43.731311
-10.0,6,43.767679
-10.0,4,43.794132
-10.0,12,43.894946
-10.0,2,43.907562
-10.0,2,43.930078
-10.0,2,43.943445
-10.0,2,43.978578
-10.0,1,43.989363
-10.0,7,44.059873
-10.0,5,44.109924
-10.0,18,44.281757
-10.0,2,44.295679
-10.0,1,44.305113
-10.0,1,44.322003
-10.0,4,44.36377
-33.6,1,44.372876
-62.4,1,44.382823
-10.0,1,44.391116
-10.0,1,44.424306
-10.0,1,44.433098
-53.7,2,44.447262
-44.4,1,44.468948
-10.0,1,44.491054
-38.7,13,44.575841
-10.0,10,44.643592
-10.0,2,44.651861
-69.3,2,44.681111
-44.4,2,44.692148
-53.7,2,44.713438
-10.0,1,44.720134
-44.4,1,44.735716
-48.3,3,44.759089
-44.4,1,44.7699
-10.0,1,44.776558
-10.0,2,44.805759
-10.0,3,44.831169
-53.4,3,44.847129
-30.0,8,44.914979
-42.9,2,44.958021
-10.0,3,44.990351
-10.0,1,45.001657
-10.0,1,45.011599
-10.0,9,45.095921
-44.7,3,45.128649
-10.0,2,45.15212
-85.5,1,45.16077
-54.0,1,45.180068
-48.3,2,45.204123
-10.0,6,45.242561
-42.0,2,45.265402
-10.0,2,45.291086
-41.1,2,45.316292
-10.0,1,45.323706
-10.0,3,45.352077
-10.0,1,45.37196
-10.0,9,45.427427
-10.0,1,45.435908
-10.0,1,45.45738
-10.0,2,45.477998
-10.0,11,45.549014
-10.0,3,45.572291
-10.0,5,45.603456
-39.3,4,45.643924
-61.5,1,45.652346
-31.2,2,45.6742
-10.0,5,45.709541
-39.0,5,45.759944
-42.0,1,45.77393
-64.8,3,45.808472
-38.7,9,45.884315
-68.1,1,45.932503
-35.4,2,45.950579
-69.0,3,45.982674
-22.2,4,46.013458
-10.0,2,46.040655
-10.0,3,46.066301
-29.4,6,46.127413
-25.2,3,46.146201
-30.6,6,46.219308
-43.2,1,46.227352
-10.0,3,46.259485
-10.0,7,46.31726
-10.0,4,46.358675
-10.0,5,46.390965
-28.8,1,46.399121
-41.1,9,46.450264
-46.8,3,46.493047
-10.0,2,46.515997
-10.0,7,46.552922
-34.2,6,46.599377
-43.5,1,46.626037
-37.5,3,46.659425
-10.0,3,46.698118
-10.0,2,46.715459
-10.0,3,46.764993
-47.7,4,46.811632
-10.0,6,46.856763
-48.3,4,46.890896
-10.0,6,46.955184
-41.4,7,47.005166
-10.0,1,47.013945
-40.5,7,47.068109
-67.2,1,47.085753
-10.0,4,47.115137
-10.0,2,47.126739
-40.8,2,47.148296
-40.2,11,47.236473
-31.2,2,47.246217
-34.8,2,47.265617
-43.2,6,47.301349
-10.0,6,47.359393
-10.0,2,47.366989
-86.4,3,47.390061
-10.0,12,47.467777
-10.0,8,47.528407
-92.4,4,47.548081
-10.0,7,47.593855
-10.0,1,47.601325
-10.0,9,47.856189
-40.2,11,47.975693
-53.1,3,48.006616
-55.5,23,48.179513
-10.0,1,48.211725
-10.0,1,48.223023
-43.8,2,48.236897
-10.0,5,48.284966
-10.0,1,48.306092
-10.0,8,48.368551
-10.0,7,48.423091
-10.0,4,48.454699
-10.0,2,48.488039
-65.4,1,48.499546
-41.7,2,48.535191
-10.0,11,48.648284
-10.0,2,48.682716
-10.0,3,48.718545
-42.9,8,48.780215
-10.0,3,48.799054
-59.7,9,48.862195
-10.0,1,48.870988
-10.0,7,48.922089
-36.9,16,49.006164
-45.0,9,49.068296
-30.9,17,49.155275
-10.0,1,49.168798
-10.0,1,49.174976
-51.6,9,49.231311
-53.1,3,49.247678
-10.0,3,49.266599
-10.0,4,49.284497
-28.8,1,49.299095
-10.0,11,49.345587
-10.0,3,49.35307
-40.8,2,49.369559
-43.8,2,49.386688
-42.3,1,49.399251
-10.0,3,49.409546
-62.4,20,49.492397
-61.5,2,49.517396
-33.9,17,49.600329
-10.0,1,49.604314
-67.5,1,49.614443
-10.0,5,49.641729
-51.6,9,49.681414
-43.8,4,49.70031
-10.0,2,49.714278
-10.0,4,49.747498
-44.4,1,49.753438
-53.4,2,49.758431
-86.4,3,49.776646
-66.3,4,49.81263
-58.8,10,49.890733
-10.0,1,49.896552
-10.0,12,49.957485
-10.0,3,49.994452
-38.7,6,50.030254
-10.0,13,50.095737
-35.1,3,50.115397
-10.0,3,50.150515
-10.0,1,50.157469
-10.0,1,50.163458
-10.0,15,50.255494
-41.4,5,50.297049
-36.6,13,50.367777
-10.0,4,50.392181
-40.2,1,50.398526
-10.0,7,50.452404
-10.0,4,50.476144
-10.0,1,50.480414
-10.0,2,50.489661
-10.0,5,50.53708
-42.0,1,50.541291
-72.3,2,50.550252
-28.8,4,50.572977
-37.2,4,50.605603
-10.0,3,50.619649
-10.0,12,50.667568
-35.4,13,50.722875
-10.0,10,50.779904
-69.3,6,50.798712
-47.1,1,50.809063
-10.0,3,50.816763
-45.0,2,50.838656
-10.0,1,50.845229
-40.2,4,50.865227
-46.5,3,50.884034
-10.0,4,50.920913
-34.2,2,50.930006
-72.6,1,50.94438
-42.0,1,50.950911
-30.9,10,51.01042
-29.4,6,51.047468
-10.0,3,51.067008
-10.0,4,51.086135
-27.0,7,51.127381
-32.4,5,51.155342
-49.5,16,51.223228
-10.0,4,51.248001
-39.6,17,51.357175
-24.6,5,51.381083
-60.0,9,51.431489
-39.3,14,51.547543
-10.0,1,51.56759
-10.0,10,51.652078
-31.5,8,51.705421
-38.7,21,51.828257
-10.0,2,51.85076
-10.0,4,51.878283
-30.3,4,51.899412
-10.0,7,51.937602
-10.0,3,51.971241
-10.0,4,51.992278
-26.1,10,59.127296
-10.0,1,59.139804
-23.1,1,59.152316
-10.0,6,59.177617
-10.0,2,59.191657
-30.0,4,59.213413
-48.0,12,59.273587
-44.7,18,59.347666
-43.2,2,59.363271
-58.2,13,59.419602
-10.0,6,59.458361
-10.0,7,59.486325
-30.6,6,59.524782
-30.0,15,59.621193
-47.7,4,59.664497
-39.3,7,59.699715
-10.0,10,59.754885
-33.9,9,59.804457
-31.2,26,59.967923
-42.3,3,59.977829
-39.0,1,59.993723
-75.0,13,60.0653
-10.0,17,60.292757
-63.3,6,60.325312
-30.0,8,60.370379
-10.0,16,60.448013
-10.0,2,60.465833
-10.0,6,60.498851
-10.0,1,60.504218
-10.0,7,60.537844
-36.9,15,60.608606
-48.6,1,60.621345
-61.5,12,60.68013
-10.0,14,60.735031
-10.0,6,60.778492
-10.0,4,60.797198
-10.0,3,60.807345
-10.0,1,60.820912
-42.3,4,60.854387
-10.0,4,60.879408
-47.7,1,60.887071
-39.3,18,60.966387
-57.3,16,61.056272
-10.0,1,61.069939
-28.2,10,61.122438
-10.0,5,61.150425
-10.0,7,61.208702
-10.0,1,61.21537
-10.0,4,61.24577
-10.0,3,61.278651
-46.5,2,61.32845
-43.5,1,61.340369
-29.4,7,61.404496
-10.0,21,61.55635
-10.0,2,61.582905
-65.4,19,61.697896
-10.0,8,61.747576
-39.0,5,61.781771
-10.0,2,61.827764
-40.2,11,61.891219
-45.9,4,61.916585
-42.9,23,62.019808
-10.0,19,62.127662
-10.0,41,62.333626
-10.0,4,62.359041
-42.9,24,62.477291
-43.8,6,62.530614
-39.3,7,62.563998
-10.0,3,62.576635
-93.3,1,62.592406
-48.6,2,62.610084
-45.9,4,62.633367
-10.0,9,62.670927
-42.9,9,62.708356
-31.5,1,62.723333
-10.0,9,62.772444
-10.0,4,62.798086
-10.0,1,62.805077
-10.0,2,62.83233
-57.0,38,63.006694
-10.0,1,63.020983
-84.9,8,63.059273
-10.0,2,63.077091
-43.2,8,63.141466
-34.5,16,63.2582
-43.5,19,63.37866
-37.8,37,63.592332
-30.3,15,63.692877
-29.1,6,63.727614
-45.6,11,63.791859
-10.0,24,63.911573
-41.7,5,63.929642
-38.4,18,64.017776
-37.5,38,64.164712
-36.6,29,64.298211
-10.0,15,64.359928
-10.0,4,64.379212
-31.8,10,64.416206
-10.0,11,64.471954
-10.0,18,64.543773
-68.4,5,64.558903
-10.0,7,64.588918
-10.0,3,64.616955
-56.1,3,64.635133
-48.6,19,64.712764
-10.0,23,64.805729
-10.0,1,64.818405
-10.0,18,64.906802
-31.5,23,65.051133
-10.0,43,65.297917
-10.0,4,65.331246
-38.4,44,65.529187
-10.0,8,65.569484
-10.0,58,65.798152
-38.4,14,65.865015
-10.0,58,66.08466
-10.0,37,66.245011
-38.1,2,66.268414
-10.0,16,66.388113
-27.9,13,66.465703
-10.0,19,66.558235
-10.0,16,66.647906
-10.0,18,66.743854
-37.2,39,66.913625
-24.6,126,67.479658
-10.0,24,67.65009
-10.0,29,67.872436
-22.8,62,68.213683
-15.6,72,68.5637
-36.9,18,68.653418
-34.8,15,68.722816
-10.0,39,68.934397
-10.0,1,68.943444
-10.0,84,69.414238
-10.0,8,69.479447
-10.0,3,69.501972
-62.1,30,69.663479
-10.0,15,69.731881
-27.0,7,69.782411
-10.0,78,78.65647
-36.9,40,78.814857
-10.0,14,78.86274
-57.9,16,78.918678
-37.8,58,79.140006
-10.0,8,79.175513
-50.0,194,79.954108
-10.0,15,80.028888
-10.0,12,80.077795
-10.0,47,80.27238
-10.0,26,80.381147
-10.0,95,80.771161
-61.5,21,80.860707
-10.0,32,81.003233
-10.0,24,81.102768
-57.0,29,81.22793
-33.3,34,81.374218
-2.4,121,81.863513
-10.0,18,81.941152
-44.4,15,82.010739
-44.1,33,82.160013
-32.7,75,82.453889
-46.8,16,82.512921
-10.0,16,82.590323
-10.0,15,82.655285
-50.4,13,82.707475
-10.0,4,82.723698
-32.1,24,82.835541
-10.0,5,82.864765
-52.5,6,82.895512
-41.4,7,82.952032
-10.0,32,83.104826
-10.0,15,83.169591
-10.0,16,83.232595
-10.0,85,83.569508
-10.0,66,83.850843
-10.0,57,84.076469
-10.0,43,84.244201
-42.6,7,84.277125
-21.9,40,84.460457
-64.8,3,84.475035
-14.7,93,84.82965
-10.0,15,84.891178
-41.7,12,84.95691
-79.8,20,85.044176
-10.0,2,85.05112
-38.1,25,85.153844
-10.0,29,85.286745
-29.1,51,85.499599
-23.4,89,85.861845
-34.8,4,85.88103
-10.0,52,86.09846
-42.6,7,86.132451
-10.0,17,86.204918
-21.9,71,86.493687
-39.6,9,86.546987
-17.1,47,86.745948
-48.0,24,97.652951
-34.8,47,97.85339
-10.0,21,97.965607
-10.2,51,98.154969
-10.0,136,98.702442
-36.6,13,98.761647
-10.0,9,98.808906
-20.4,67,99.073288
-27.0,18,99.153548
-10.0,14,99.212737
-10.0,53,99.435976
-10.0,4,99.454066
-36.9,23,99.542311
-30.6,28,99.652946
-52.5,58,99.886029
-50.4,16,99.950092
-34.8,2,99.960937
-48.0,65,100.215216
-45.3,6,100.244005
-10.0,12,100.291474
-45.9,11,100.335703
-10.0,4,100.356389
-51.9,6,100.394117
-10.0,28,100.512429
-42.6,24,100.603685
-30.9,40,100.769171
-10.0,4,100.798138
-57.0,36,100.950274
-10.0,41,101.086971
-10.0,16,101.137985
-10.0,8,101.182163
-10.0,14,101.243937
-10.0,89,101.611628
-10.0,5,101.634106
-10.0,142,102.219978
-49.5,16,102.286951
-10.0,80,102.634448
-10.0,3,102.650349
-33.6,4,102.677095
-10.0,31,102.818103
-32.7,29,102.936268
-10.0,60,103.198993
-54.9,34,103.364174
-10.0,14,103.424372
-10.0,62,103.717533
-10.0,15,103.776837
-18.9,76,104.097058
-10.0,40,104.271937
-10.0,56,104.500154
-10.0,40,104.68033
-10.0,40,104.964787
-62.1,26,105.087668
-10.0,16,105.153375
-10.0,49,105.37596
-25.8,11,105.460719
-10.0,2,105.469651
-41.7,24,105.603081
-10.0,24,105.720384
-20.7,9,105.811263
-10.0,6,105.856663
-10.0,70,106.293118
10.2,172,117.45814
-27.0,40,117.679781
-41.1,8,117.721426
-10.0,2,117.728656
-10.0,2,117.744608
-10.0,34,118.000304
-29.4,10,118.08055
-10.0,8,118.134123
-10.0,9,118.196766
-46.5,8,118.269546
-46.2,9,118.339084
-32.7,21,118.462211
-10.0,30,118.613909
-24.0,17,118.704029
-42.3,22,118.852068
-32.4,71,119.299033
-10.0,96,119.802946
-54.9,24,120.030691
-10.0,16,120.155403
-10.0,17,120.2726
-42.0,40,120.55748
-10.0,84,121.334138
-10.0,13,121.461964
-38.4,16,121.600457
-10.0,80,122.22254
-10.0,79,122.660455
-10.0,17,122.742593
-19.8,34,122.929105
-46.2,13,122.993696
-42.3,1,123.007691
-10.0,8,123.050104
-10.0,42,123.243766
-10.0,7,123.281964
-27.0,23,123.394635
-41.4,10,123.435649
-10.0,20,123.50347
-19.8,79,123.811378
-39.6,6,123.854529
-10.0,10,123.891067
-64.8,27,124.002341
-40.2,8,124.037764
-35.7,1,124.050496
-10.0,16,124.220447
-14.4,60,124.576718
-10.0,23,124.706096
-10.0,49,124.980197
-77.7,27,125.117083
-42.9,8,125.157753
-10.0,32,125.314782
-64.8,1,125.330158
-10.0,13,125.409622
-40.8,21,125.507791
-35.4,108,126.188208
-9.0,114,127.455259
-66.9,2,127.494075
-83.7,7,127.549234
-10.0,5,127.608095
-10.0,43,128.010882
-35.4,31,128.192936
-10.0,57,128.579169
-28.8,43,128.871749
-15.9,25,129.052515
-23.1,43,129.334452
-39.6,27,129.486803
-10.0,66,141.478894
-32.1,35,141.629281
-10.0,15,141.693206
-10.0,42,141.864195
-10.0,24,141.966284
-10.0,13,142.048163
-10.0,58,142.274503
-10.0,29,142.394228
-10.0,21,142.476627
-10.0,26,142.583897
-59.7,8,142.621811
-55.5,78,142.938608
-31.5,3,142.948154
-64.8,1,142.964263
-35.7,16,143.037057
-10.0,13,143.079908
-39.6,32,143.263023
-10.0,94,143.955858
-40.8,43,144.359009
-28.8,48,144.70862
-44.1,17,144.835174
-10.0,6,145.007313
-33.9,46,145.358769
-10.0,14,145.44977
-10.0,74,145.85583
-80.4,44,146.081144
-10.0,54,146.397071
-63.9,12,146.472705
-32.4,30,146.636546
-54.3,27,146.843327
-10.0,2,146.862566
-17.4,80,147.343012
-30.9,32,147.624097
-10.0,3,147.657169
-33.3,13,147.778158
-10.0,18,147.897509
-10.0,54,148.215081
-10.0,69,148.641567
-10.0,1,148.648594
-64.2,29,148.822355
-10.0,11,148.88673
-10.0,21,148.994186
-10.0,8,149.03229
-55.8,21,149.134451
-36.6,20,149.241511
-32.4,5,149.281622
-10.0,27,149.417583
-10.0,19,149.509711
-31.5,37,149.695292
-64.2,11,149.756495
-42.9,7,149.794636
-20.7,44,150.008057
-10.0,32,150.159926
-10.0,12,150.232276
-10.0,10,150.294055
-10.0,8,150.33519
-10.0,21,150.437393
-34.5,20,150.575507
-27.6,21,150.726224
-39.9,9,150.803485
-47.1,2,150.829871
-10.0,26,151.028174
-69.6,1,151.044604
-41.1,11,151.114411
-10.0,43,151.368997
-43.8,13,151.458053
-30.0,5,151.494886
-30.0,3,151.504831
-21.0,71,151.849229
-10.0,19,151.959212
-43.5,18,152.036446
-41.1,26,152.161243
-43.5,19,152.264771
-39.6,52,152.558479
-10.0,108,164.451854
-10.0,91,165.039148
-10.0,47,165.379414
-17.7,41,165.69432
-10.0,90,166.317259
-10.0,56,166.691883
-72.0,46,167.056882
-30.3,44,167.406715
-10.0,15,167.521691
-10.0,11,167.619972
-10.0,17,167.736719
-10.0,52,168.319764
-10.0,45,168.859034
-10.0,24,169.030363
-39.6,6,169.091954
-10.0,2,169.130276
-62.1,12,169.276357
-10.0,13,169.407378
-24.3,27,169.618601
1.2,117,170.486433
-10.0,24,170.637163
-53.4,1,170.645761
-10.0,23,170.789383
-10.0,3,170.8179
-25.5,65,171.241662
-59.1,9,171.295103
-10.0,78,171.748941
-41.4,22,171.890607
-10.0,1,171.897724
-10.0,91,172.351732
-49.8,18,172.432832
-23.1,43,172.643142
-10.0,22,172.752163
-13.8,117,173.318556
-35.4,2,173.327224
-30.0,16,173.411011
-29.4,18,173.508678
-35.1,21,173.613301
-10.0,7,173.647077
-10.0,59,173.940142
-10.0,5,173.965398
-24.6,75,174.334816
-31.8,57,174.651246
-10.0,12,174.759659
-10.0,36,174.986499
-43.5,18,175.094721
-10.0,71,175.594621
-23.4,67,176.134806
-10.0,33,176.337353
-10.0,24,176.47856
-30.6,1,176.485702
-47.7,7,176.550263
-36.3,10,176.633501
-18.0,27,176.815084
-10.0,22,176.960258
-46.2,10,177.040013
-10.0,3,177.066353
-12.3,108,189.569399
-31.5,8,189.620556
-64.5,28,189.829966
-10.0,7,189.884387
-10.0,66,190.239466
-10.0,16,190.330042
-38.4,2,190.359338
-10.0,33,190.516813
-26.1,29,190.675128
-75.6,11,190.744641
-10.0,2,190.785932
-10.0,18,190.921591
2.1,174,192.118696
-42.9,7,192.155517
-49.2,26,192.33934
-51.0,14,192.416914
-66.9,3,192.439205
-49.5,16,192.523103
-54.9,25,192.680172
-21.9,55,192.974233
-10.0,8,193.017029
-45.9,27,193.156115
-85.8,5,193.202574
-10.0,49,193.459406
-10.0,24,193.573378
-10.0,6,193.607045
-10.0,36,193.808945
-10.0,7,193.845005
-50.0,154,194.975233
-10.0,1,194.98798
-10.0,6,195.11057
-10.0,21,195.317549
-10.0,4,195.374928
-10.0,18,195.603353
-39.9,158,197.125975
-10.0,4,197.264681
-10.0,33,197.625839
-31.2,41,197.965024
-39.9,19,198.10001
-10.0,14,198.203267
-42.3,2,198.215761
-41.4,20,198.348691
-10.0,11,198.432746
-82.5,11,198.503139
-50.4,13,198.576948
-10.0,149,199.400914
-39.3,48,199.680755
-10.0,5,199.720353
-10.0,33,199.899486
-28.8,28,200.055048
-10.0,25,200.20595
-10.0,38,200.431823
-10.0,30,200.587925
-10.0,22,200.696088
-10.0,24,200.898547
-10.0,21,201.081164
-10.0,80,201.664861
-10.0,24,201.84742
-10.0,33,202.152147
-10.0,27,202.355519
-10.0,4,202.389719
-10.0,13,202.477185
-45.0,8,202.563217
-10.0,47,203.20733
-30.6,50,203.634202
-10.0,6,203.701483
-35.7,1,203.729449
-12.9,65,218.438717
-10.0,4,218.464638
-58.8,12,218.533807
-10.0,11,218.637339
-10.0,34,218.918353
-10.0,6,218.965618
-43.5,5,218.999979
-10.0,22,219.149582
-28.8,47,219.47581
-42.9,15,219.555657
-10.0,39,219.813685
-10.0,3,219.85382
-10.0,15,219.946912
-10.0,47,220.208197
-39.6,13,220.287161
-50.4,22,220.397421
-49.2,16,220.477366
-10.0,4,220.498143
-10.0,34,220.655714
-10.0,117,221.211192
-28.5,10,221.255238
-10.0,16,221.333162
-10.0,1,221.348007
-10.0,19,221.449136
-18.6,44,221.662465
-34.5,14,221.745162
-10.0,24,221.881404
-42.9,7,221.943388
1.2,108,222.504129
-9.3,66,222.827407
-30.3,3,222.84915
-56.1,3,222.889915
-10.0,3,222.910812
-10.0,16,223.046519
-61.5,1,223.069664
-24.9,4,223.119151
-10.0,15,223.212756
-10.0,19,223.359139
-10.0,53,223.717408
-55.2,49,224.144417
-8.1,86,224.906555
-50.1,17,225.058673
-10.0,15,225.217846
-10.0,71,226.008157
-10.0,3,226.03833
-10.0,21,226.197893
-10.0,9,226.266304
-5.4,95,226.987841
-42.9,9,227.055255
-18.3,91,227.851536
-42.3,23,228.009322
-10.0,58,228.521745
-10.0,33,228.809299
-17.1,40,229.044155
-10.0,34,229.374945
-35.1,3,229.453249
-18.0,82,230.161147
-10.0,179,231.875412
-40.5,10,231.943471
-54.9,23,232.135889
-10.0,3,232.163952
-4.2,116,233.210901
-10.0,9,233.31595
-28.8,1,233.359512
-33.6,18,248.07474
-50.0,137,249.332288
-50.0,231,250.826084
-10.0,149,252.014361
-25.5,35,252.241157
-30.9,17,252.351609
-10.0,11,252.430481
-57.6,14,252.52515
-10.0,16,252.62403
-27.9,20,252.76593
-10.0,47,253.112469
-10.0,15,253.364301
-37.2,35,253.60565
-10.0,62,253.996317
-10.0,2,254.02034
-46.2,12,254.134592
-34.2,16,254.22792
-48.3,2,254.237956
-10.0,4,254.262516
-30.0,13,254.352142
-10.0,95,254.955997
-10.0,17,255.055833
-10.0,35,255.306507
-10.0,9,255.45361
-32.4,22,255.682833
-10.0,28,255.92742
-22.8,59,256.378778
-10.0,6,256.443053
-10.0,42,256.738457
-10.0,125,257.596196
-10.0,13,257.67236
-34.2,4,257.715716
-69.9,30,257.906904
-10.0,23,258.048687
-25.5,35,258.290169
-10.0,15,258.41694
-60.6,15,258.549741
-23.7,18,258.688258
-29.1,48,259.017885
-10.0,19,259.16039
-46.5,2,259.172295
-10.0,4,259.198716
-10.0,4,259.227677
-10.0,19,259.426315
-10.0,64,259.95362
-10.0,2,259.981924
-10.0,25,260.186557
-10.0,29,260.406912
-10.0,70,260.864613
-21.9,69,261.279093
-10.0,1,261.286897
-21.6,57,261.649915
-10.0,23,261.801068
-35.1,22,261.956461
-10.0,8,262.010351
-10.0,51,262.332306
-10.0,35,262.560518
-10.0,38,280.097234
-10.0,28,280.263742
-33.6,8,280.32241
-28.5,11,280.392833
-43.5,5,280.447215
-15.6,89,281.124699
-32.4,36,281.415869
-47.7,5,281.454402
-10.0,54,281.881938
-31.2,53,282.309947
-30.0,45,282.770518
-39.3,7,282.841592
-10.0,8,282.913401
-19.5,84,283.565993
-10.0,38,283.877921
-23.7,29,284.093108
-36.9,27,284.27565
-38.1,22,284.440361
-10.0,25,284.617586
-56.1,30,284.824056
-10.0,42,285.091994
-10.0,81,285.567567
-10.0,55,285.873837
-35.7,27,286.027243
-33.9,25,286.149497
-28.8,54,286.408736
-10.0,35,286.575768
-10.0,108,287.119956
-10.0,26,287.280036
-54.0,10,287.335011
-10.0,23,287.476628
-10.0,2,287.495543
-28.2,24,287.633377
-27.3,13,287.712447
-31.2,2,287.73302
-46.2,3,287.759298
-8.7,58,288.126507
-44.1,16,288.235817
-10.0,17,288.388427
-10.0,24,288.610629
-10.0,4,288.650758
-10.0,65,289.179694
-45.6,32,289.560253
-48.3,46,289.926509
-10.0,3,289.944994
-10.0,1,289.967274
-33.0,53,290.326234
-10.0,1,290.333607
-18.0,58,290.738182
-25.2,58,291.166178
-10.0,29,291.396658
-10.0,23,291.553812
-10.0,5,291.587806
-10.0,60,291.960372
-16.5,117,292.57634
-21.9,66,292.913982
-38.7,16,292.978646
-10.0,4,293.000917
-10.0,23,293.122346
-10.0,71,306.616103
-28.2,37,306.930267
-51.9,53,307.35414
-10.0,35,307.626616
-24.3,76,308.212263
-10.0,3,308.245712
-22.5,53,308.63044
-27.3,15,308.760283
-10.0,16,308.887815
-10.0,81,309.4807
-61.8,1,309.488935
-53.1,29,309.83304
-37.2,40,310.134028
-48.0,59,310.593795
-10.0,56,311.180328
-10.0,2,311.266671
-10.0,4,311.329665
-39.6,11,311.421851
-10.0,67,311.989859
-42.9,38,312.281736
-10.0,29,312.475076
-10.0,26,312.666247
-10.0,3,312.69608
-10.0,12,312.821594
-10.0,5,312.85789
-10.0,4,312.888402
-14.7,111,313.653315
-10.0,95,314.389658
-17.7,105,315.203163
-10.0,7,315.267595
-10.0,15,315.415763
-29.7,47,315.787863
-10.0,46,316.133624
-28.5,29,316.653822
-30.6,43,317.182646
-10.0,54,317.764431
-39.9,27,317.992541
-33.6,40,318.320809
-28.8,24,318.488602
-10.0,3,318.53359
-10.0,23,318.686654
-39.3,14,318.789079
-29.4,47,319.136498
-10.0,16,319.34016
-40.2,11,319.460966
-61.2,15,319.593884
-39.3,112,320.47847
-10.0,12,320.570374
-10.0,49,320.993778
-18.6,25,321.175556
-10.0,9,321.245213
-10.0,37,321.709885
-10.0,19,321.902689
-10.0,2,321.93687
-10.0,23,322.14009
-10.0,16,322.333493
-24.6,26,322.99878
-10.0,9,323.126231
-10.0,48,323.698257
-10.0,15,323.931772
-10.0,12,324.123117
-10.0,40,324.575628
-30.0,6,324.631307
-10.0,2,343.583408
-48.6,1,343.596728
-10.0,5,343.644472
-10.0,70,344.222264
-36.6,8,344.312464
-22.5,43,344.665975
-52.2,7,344.717563
-12.9,109,345.735925
-55.5,48,346.174664
-31.5,8,346.23718
-30.3,48,346.526979
-10.0,9,346.606491
-10.0,41,347.095141
-24.6,5,347.129314
-10.0,22,347.277784
-59.1,28,347.443704
-10.0,12,347.532639
-54.9,60,347.869794
-10.0,6,347.896737
-39.9,30,348.071529
-31.5,59,348.569653
-36.3,8,348.623456
-10.0,31,348.803207
-57.3,28,348.962197
-10.0,61,349.328071
-10.0,34,349.555094
-10.0,4,349.583341
-10.0,10,349.651152
-10.0,33,349.848786
-26.4,18,349.925273
-31.5,8,349.96665
-10.0,10,350.017072
-10.0,1,350.032655
-45.3,9,350.085432
-44.7,41,350.315107
-67.2,19,350.418417
-20.7,62,350.937025
-10.0,6,350.979054
-10.0,15,351.084262
-10.0,16,351.177652
-46.2,6,351.235734
-10.0,5,351.272589
-38.4,2,351.28485
-35.4,27,351.461397
-66.9,3,351.495756
-10.0,28,351.728705
-10.0,5,351.779548
-15.6,35,352.087126
-69.6,1,352.110129
-10.0,25,352.30211
-30.9,35,352.563687
-51.6,37,352.897615
-10.0,7,352.975435
-40.2,8,353.156707
-32.1,35,353.393216
-44.7,3,353.414207
-30.6,20,353.542687
-10.0,8,353.587089
-10.0,51,353.839499
-25.2,19,353.983702
-45.9,28,354.214984
-42.6,3,354.24415
-46.2,63,354.634353
-10.5,69,354.961337
-36.3,51,355.218009
-47.1,7,355.252126
-50.1,50,355.569511
-10.0,32,355.807799
-34.5,23,355.983666
-10.0,11,356.04907
-10.0,8,356.099118
-24.3,57,356.402007
-10.0,33,356.678378
-10.0,44,356.957616
-10.0,14,357.038488
-36.0,61,357.376635
-45.9,11,357.444502
-50.1,17,357.537652
-54.6,2,357.546381
-23.4,71,369.451547
-10.0,3,369.472254
-10.0,77,369.799645
-10.0,38,369.954336
-46.2,18,370.0391
-10.0,39,370.213109
-39.0,15,370.271593
-10.0,1,370.282999
-43.5,12,370.330929
-10.0,13,370.395478
-10.0,3,370.412565
-50.0,150,371.017766
-10.0,22,371.112667
-32.7,43,371.291658
-10.0,35,371.435939
-14.1,61,371.679251
-44.1,3,371.695823
-10.0,24,371.847057
-10.0,10,371.921755
-10.0,34,372.094507
-30.9,35,372.260017
-33.6,33,372.420448
-30.3,7,372.45526
-10.0,18,372.53146
-10.0,10,372.58113
-24.6,23,372.70559
-10.0,31,372.865948
-29.7,47,373.2251
-35.7,26,373.407756
-10.0,13,373.60843
-10.0,21,373.766227
-10.0,47,374.0222
-21.9,32,374.206414
-10.0,56,374.565248
-49.8,6,374.598475
-10.0,32,374.881254
-10.0,8,374.990991
-10.0,19,375.202295
-31.8,14,375.31767
-10.0,7,375.356696
-10.0,15,375.487308
-33.9,53,375.934623
-26.7,24,376.11287
-53.1,7,376.165362
-62.4,20,376.29599
-45.0,2,376.338614
-46.8,4,376.369748
-48.0,30,376.635907
-44.7,15,376.780068
-10.0,2,376.810091
-10.0,36,377.173043
-10.0,56,377.786453
-39.0,20,378.013084
-29.1,11,378.14342
-57.9,26,378.42563
-33.3,34,378.68109
-41.7,27,378.896524
-10.0,16,379.087945
-10.0,7,379.177953
-34.5,49,379.664176
-10.0,82,380.419341
-10.0,31,380.677431
-22.5,22,380.848928
-10.0,115,381.652781
-25.2,106,382.680291
-10.0,5,382.745743
-10.0,26,382.968049
-10.0,157,396.171705
-30.9,3,396.191269
-10.0,2,396.208818
-10.0,28,396.338994
-26.4,119,396.86389
-41.1,11,396.920167
-6.6,91,397.347954
-10.0,1,397.36132
-83.1,9,397.396244
-21.6,6,397.42184
-53.4,12,397.49558
-10.0,13,397.572164
-38.1,8,397.608652
-10.0,27,397.724496
-39.0,51,397.97768
-31.2,9,398.013586
-10.0,18,398.100734
-42.3,9,398.147433
-37.2,28,398.300415
-10.0,26,398.464883
-10.0,43,398.689953
-10.0,52,399.076816
-37.5,10,399.171875
-10.0,92,399.787742
-40.2,5,399.818845
-10.0,11,399.890228
-10.0,2,399.915997
-10.0,17,400.021901
-77.1,6,400.052849
-43.2,22,400.193697
-10.0,62,400.537899
-38.4,14,400.619952
-10.0,1,400.627773
-69.0,3,400.650503
-10.0,15,400.735309
-10.0,57,401.028211
-39.0,60,401.529922
-52.5,33,401.7867
-10.0,12,401.88719
-33.6,26,402.05135
-43.2,37,402.284822
-43.5,5,402.316686
-29.7,16,402.42806
-52.8,30,402.581551
-34.5,37,402.802154
-10.0,75,403.221037
-22.2,4,403.266751
-10.0,13,403.379308
-10.0,79,403.922418
-10.0,49,404.249525
-31.5,3,404.278589
-65.1,8,404.338286
-33.6,8,404.390824
-10.0,22,404.53054
-10.0,107,405.139448
-32.7,22,405.254893
-27.3,9,405.30632
-33.3,33,405.478283
-10.0,162,406.283074
-50.7,3,406.302097
-10.0,14,406.376752
-66.6,4,406.401252
-42.0,23,406.528374
-10.0,8,406.569252
-39.0,22,406.675095
-10.0,19,406.746121
-33.6,16,406.83261
-10.0,21,406.945119
-36.6,27,415.209694
-10.0,51,415.404962
-10.0,1,415.418711
-10.0,1,415.431731
-10.0,41,415.603385
-10.0,67,415.878455
-10.0,63,416.134207
-61.8,37,416.290085
-10.0,37,416.435907
-10.0,27,416.54646
-21.0,38,416.712209
-10.0,22,416.809328
-48.0,30,416.933169
-77.4,5,416.955081
-41.7,11,417.015884
-39.0,8,417.0518
-36.3,31,417.245918
-69.3,2,417.256113
-22.8,62,417.51106
-10.0,71,417.774905
-10.0,27,417.879474
-10.0,77,418.189698
-10.0,20,418.286267
-10.0,63,418.514656
-27.9,13,418.571039
-39.0,12,418.618335
-10.0,3,418.635914
-41.1,2,418.652981
-55.8,22,418.738992
-10.0,20,418.823136
-10.0,2,418.847471
-10.0,29,418.964107
-36.3,30,419.094912
-10.0,9,419.134332
-4.5,130,419.729131
-10.0,81,420.123878
-47.1,2,420.136822
-64.2,14,420.243382
-10.0,9,420.321163
-30.3,47,420.62653
-10.0,24,420.766397
-10.0,55,421.089017
-10.0,3,421.130638
-37.2,18,421.242046
-23.7,8,421.29298
-10.0,21,421.420382
-10.0,7,421.481722
-25.8,59,421.80942
-45.9,14,421.895696
-46.5,8,421.940746
-10.0,10,422.00476
-10.0,97,422.483271
-62.7,19,422.570013
-10.0,42,422.793671
-36.3,17,422.89563
-14.7,66,423.238035
-10.0,47,423.456407
-10.0,1,423.470547
-10.0,51,423.807983
-50.4,13,423.889031
-22.2,83,424.323416
-42.9,5,424.362901
-10.0,43,424.595125
-10.0,20,424.689247
-26.4,92,436.389137
-43.2,8,436.428371
-10.0,28,436.574587
-10.0,13,436.646148
-38.4,7,436.684195
-10.0,32,436.908348
-63.9,15,437.026335
-10.0,2,437.050607
-10.0,5,437.088486
-27.3,31,437.306646
-1.8,146,438.030087
-10.0,17,438.110444
-10.0,23,438.232092
-41.4,6,438.268496
-10.0,163,439.199792
-48.6,28,439.355544
-12.9,35,439.584018
-12.0,124,440.391152
-10.0,13,440.497125
-43.5,20,440.612242
-48.0,20,440.753651
-17.4,29,441.072574
-55.8,47,441.325193
-10.0,41,441.536339
-44.4,15,441.60473
-34.5,20,441.692866
-78.0,31,441.85848
-10.0,18,441.961916
-45.3,57,442.268727
-33.0,10,442.322392
-16.2,59,442.691214
-43.5,1,442.698515
-29.1,16,442.79835
-10.0,15,442.906443
-10.0,18,443.13118
-36.3,14,443.246284
-10.0,11,443.344192
-45.9,64,443.815114
-44.7,60,444.245411
-27.3,22,444.375719
-38.7,29,444.549925
-10.0,20,444.67461
-28.2,22,444.810947
-10.0,14,444.896137
-59.7,10,444.948732
-10.0,55,445.272912
-10.0,62,445.633923
-10.0,2,445.651925
-10.0,3,445.673925
-10.0,55,445.976026
-32.1,35,446.187989
-10.0,32,446.381776
-10.0,2,446.40659
-10.0,38,446.623273
-10.0,45,446.914531
-69.9,30,447.094547
-32.1,13,447.174055
-10.0,27,447.344064
-10.0,54,447.688097
-10.0,15,447.77953
-10.0,14,447.868159
-63.9,6,447.902077
-42.0,41,448.257874
-10.0,15,448.382278
-40.8,16,458.879112
-34.8,29,459.122432
-10.0,22,459.282257
-44.7,3,459.305881
-10.0,28,459.459195
-9.9,97,459.949063
-10.0,16,460.047333
-30.9,5,460.07161
-36.9,25,460.178131
-10.0,28,460.315621
-14.7,59,460.588903
-10.0,171,461.318274
-10.0,17,461.394928
-10.0,34,461.565904
-10.0,19,461.671798
-42.6,24,461.789711
-10.2,84,462.218768
-53.7,11,462.314459
-10.0,13,462.39822
-10.0,46,462.639148
-19.8,114,463.488978
-10.0,3,463.52404
-10.0,6,463.635549
-10.0,32,463.965103
-10.0,44,464.313196
-43.8,17,464.429182
-10.0,10,464.528105
-10.0,37,464.799132
-20.1,41,465.053874
-21.6,85,465.548478
-10.0,1,465.567275
-10.0,8,465.622785
-20.4,52,465.952515
-27.9,46,466.241875
-10.0,1,466.259752
-10.0,36,466.599772
-10.0,52,466.908587
-3.9,137,467.658164
-47.1,24,467.79628
-79.2,22,467.924001
-10.0,41,468.144964
-10.0,8,468.195713
-36.0,25,468.405858
-40.8,22,468.559098
-10.0,49,468.886611
-54.0,4,468.915039
-38.1,18,469.030665
-24.0,5,469.059755
-13.5,33,469.271337
-37.5,94,469.821668
-10.0,23,469.986724
-59.1,11,470.058504
-30.0,4,470.085302
-60.9,14,470.173492
-72.9,48,470.389499
-10.0,78,470.697875
-27.6,21,470.762826
-10.0,47,478.606957
-38.7,13,478.677893
-59.4,19,478.755906
-10.0,47,478.971768
-37.8,33,479.129814
-38.1,36,479.311996
-60.6,5,479.335654
-10.0,56,479.784569
-10.0,25,479.907135
-10.0,3,479.925263
-23.1,10,479.981277
-10.0,50,480.182705
-10.0,11,480.224156
-10.0,35,480.384653
-10.5,73,480.727984
-10.0,46,480.921987
-56.1,22,481.017879
-10.0,2,481.041878
-10.0,7,481.068856
-10.0,9,481.111772
-41.1,4,481.132394
-30.9,32,481.264929
-25.8,22,481.353612
-15.9,110,481.798473
-10.0,3,481.808612
-51.9,11,481.865846
-10.0,8,481.896583
-44.7,35,482.026481
-48.3,11,482.074031
-27.9,56,482.297921
-10.0,81,482.616492
-16.8,57,482.825998
-10.0,111,483.245988
-10.0,34,483.386844
-63.0,7,483.417429
-10.0,62,483.652165
-25.5,21,483.731997
-10.0,56,483.944168
-39.9,5,483.96672
-32.7,11,484.015924
-62.7,24,484.111017
-10.0,27,484.227776
-32.7,4,484.246627
-24.6,23,484.333786
-22.8,59,484.56977
-10.0,52,484.789837
-42.6,1,484.795209
-10.0,2,484.805941
-41.4,5,484.824525
-10.0,2,484.844674
-14.7,55,485.060774
-10.0,8,485.092529
-17.1,49,485.29973
-10.0,17,485.379817
-10.0,37,485.524354
-10.0,30,485.646725
-10.0,14,485.701038
-10.0,10,485.755836
-58.2,12,485.803606
-10.0,38,485.949363
-20.1,11,485.996806
-10.0,55,486.216146
-10.0,2,486.223426
-10.0,30,486.355237
-10.0,2,486.363933
-10.0,91,486.72549
-42.0,11,486.76862
-10.0,105,494.349735
-10.0,34,494.481106
-17.4,29,494.610641
-10.0,164,495.228106
-17.1,106,495.630777
-10.0,43,495.786847
-10.0,8,495.826832
-10.0,5,495.845486
-10.0,14,495.903665
-10.0,39,496.052368
-39.0,21,496.148743
-22.5,64,496.392784
-10.0,28,496.504134
-34.8,43,496.66968
-10.0,32,496.816867
-10.0,25,496.927656
-28.8,17,496.995432
-10.0,15,497.053341
-15.6,112,497.49223
-41.7,13,497.544987
-12.6,36,497.689822
-10.0,25,497.780894
-69.6,31,497.913359
-10.0,6,497.93289
-47.1,6,497.961293
-10.0,76,498.242311
-10.0,125,498.745733
-10.0,33,498.869508
-10.0,16,498.931508
-64.8,3,498.948908
-10.0,29,499.074271
-10.0,7,499.111155
-61.5,3,499.129181
-42.6,67,499.384972
-39.6,25,499.488733
-43.2,40,499.650412
-36.9,34,499.775149
11.7,126,500.244274
-10.0,12,500.305066
-62.7,82,500.625355
-24.9,23,500.714114
-54.9,24,500.807696
-76.8,7,500.851919
-30.9,21,500.942168
-35.1,18,501.023296
-10.0,25,501.117901
-10.0,1,501.127983
-10.0,9,501.163518
-10.0,28,501.274574
-10.0,50,501.460814
-38.7,23,501.572578
-10.0,2,501.577995
-36.0,4,501.596111
-10.0,7,501.630068
-10.0,68,501.878697
-36.6,9,501.913921
-32.4,12,501.963291
-10.0,44,509.11531
-37.2,57,509.348431
-10.0,139,509.870491
-10.0,20,509.954635
-39.9,9,509.992938
-33.6,12,510.110341
-64.2,19,510.211189
-10.0,30,510.336934
-32.7,35,510.469129
-35.4,32,510.618071
-10.0,61,510.856338
-2.7,104,511.270296
-39.6,11,511.312351
-27.3,66,511.577543
-29.7,9,511.616022
-30.6,28,511.727064
-10.0,29,511.843252
-10.0,47,512.024326
-13.5,107,512.456713
-23.7,66,512.694614
-10.0,46,512.883909
-65.4,8,512.931288
-27.6,50,513.131898
-52.8,14,513.195158
-10.0,10,513.226988
-10.0,67,513.502061
-10.0,6,513.531514
-10.0,50,513.729697
-62.4,18,513.80291
-10.0,52,514.019563
-27.9,115,514.453341
-10.0,13,514.505431
-10.0,12,514.546528
-10.0,33,514.696707
-10.0,30,514.824084
-41.7,42,515.00551
-10.0,9,515.038595
-57.0,17,515.114227
-10.0,44,515.283251
-39.6,7,515.317428
-20.1,96,515.724111
-10.0,9,515.769706
-35.4,24,515.863286
-10.0,18,515.95492
-34.8,34,516.070114
-43.5,27,516.18224
-10.0,23,516.279873
-10.0,34,516.44647
-44.7,32,516.582734
-10.0,37,516.751276
-17.1,100,517.157978
-23.7,27,524.056743
-52.8,33,524.189906
-19.8,50,524.38984
-33.6,10,524.435641
-50.4,12,524.486887
-33.9,5,524.508226
-10.0,34,524.725682
-10.0,23,524.803082
-10.0,4,524.812101
-10.0,6,524.823129
-22.2,48,524.944795
-10.0,4,524.95566
-65.7,18,525.016578
-10.0,14,525.071043
-10.0,9,525.115696
-27.6,12,525.160792
-10.0,14,525.215251
-37.5,56,525.432584
-48.0,3,525.455008
-10.0,36,525.585844
-34.5,75,525.875875
-71.1,6,525.899262
-45.0,13,525.972581
-22.5,28,526.092844
-42.3,38,526.236191
-10.0,40,526.395255
-16.2,31,526.534252
-44.7,8,526.571708
-50.1,39,526.725285
-10.0,27,526.823549
-47.7,25,526.932298
-10.0,9,526.965382
-10.0,8,526.998295
-61.8,27,527.118644
-33.9,71,527.400573
-10.0,33,527.542689
-36.0,22,527.630121
-10.0,14,527.688584
-10.0,3,527.705818
-10.0,22,527.797805
-26.7,16,527.863062
-10.0,63,528.113544
-43.2,14,528.184262
-10.0,21,528.268915
-10.0,15,528.336512
-42.9,14,528.401287
-10.0,21,528.486947
-10.0,2,528.492961
-30.6,18,528.56448
-33.9,50,528.756809
-55.2,35,528.907745
-10.0,14,528.974539
-10.0,34,529.114835
-42.6,64,529.383319
-10.0,10,529.442919
-10.0,20,529.53707
-10.0,38,529.69507
-42.6,37,529.82777
-36.6,9,529.87922
-10.0,12,529.930049
-13.2,34,530.088062
-53.7,5,530.113875
-10.0,16,530.202125
-36.6,2,530.218829
-10.0,14,530.280707
-50.7,10,530.328071
-10.0,8,530.370542
-11.1,67,530.632507
-10.0,10,530.670593
-10.0,33,530.792205
-10.0,3,530.814036
-33.0,10,530.865218
-48.9,9,530.903607
-80.7,17,530.967901
-10.0,63,531.219642
-47.4,1,531.223311
-10.0,25,531.31601
-10.0,4,531.33529
-10.0,46,531.595375
-14.7,95,531.957078
-10.0,3,531.964445
-10.0,34,532.086403
-10.0,35,532.228391
-10.0,93,541.127533
-10.0,8,541.163409
-22.5,29,541.280889
-62.4,18,541.379057
-33.6,46,541.557786
-10.0,9,541.594901
-10.0,90,541.969025
-31.5,55,542.213535
-10.0,4,542.231815
-10.0,27,542.345321
-10.0,1,542.35724
-10.0,22,542.456984
-10.0,21,542.544343
-10.0,81,542.853597
-18.6,53,543.052651
-36.6,58,543.291692
-10.0,6,543.322423
-21.6,6,543.345526
-10.0,20,543.431718
-21.0,88,543.793656
-61.2,21,543.876835
-71.7,4,543.89622
-20.4,90,544.2347
-45.9,4,544.26257
-10.0,37,544.428019
-45.6,5,544.454427
-10.0,3,544.464746
-10.0,7,544.511439
-30.6,47,544.687839
-53.1,4,544.706423
-10.0,9,544.741691
-41.7,51,544.961566
-10.0,91,545.316984
-10.0,9,545.356411
-25.2,24,545.447913
-40.8,6,545.483001
-10.0,17,545.565187
-10.0,9,545.60598
-10.0,24,545.697373
-34.8,29,545.817861
-10.0,47,546.002933
-8.4,80,546.315373
-10.0,42,546.48666
-11.1,60,546.733817
-47.4,6,546.766059
-30.9,28,546.858109
-10.0,48,547.028063
-48.0,3,547.055003
-44.1,33,547.187149
-10.0,46,547.428349
-10.0,98,547.814259
-39.0,15,547.885204
-10.0,49,548.08515
-10.0,27,548.202212
-10.0,10,548.239025
-27.3,29,548.355745
-30.3,29,548.481429
-69.9,4,548.498672
-19.2,78,548.804695
-10.0,161,556.978111
-30.6,82,557.311099
-10.0,35,557.462562
-10.0,67,557.722878
-10.0,49,557.963198
-10.0,51,558.18819
-10.0,10,558.228094
-10.0,12,558.272706
-10.0,6,558.304596
-10.0,114,558.74304
-21.3,49,558.924089
-10.0,10,558.967071
-10.0,15,559.028069
-17.7,44,559.223996
-30.3,28,559.329579
-10.0,35,559.464066
-26.1,37,559.615686
-10.0,23,559.696688
-10.0,13,559.74802
-34.8,14,559.810016
-29.7,9,559.85795
-10.0,22,559.946026
-10.0,8,559.982356
-24.6,3,559.990763
-38.1,36,560.142887
-10.0,12,560.190061
-10.0,43,560.362081
-21.9,91,560.734149
-10.0,50,560.929046
-36.0,31,561.04954
-10.0,41,561.20052
-10.0,10,561.246386
-10.0,7,561.288658
-10.0,93,561.645032
-47.7,5,561.663846
-28.8,52,561.861473
-35.7,29,562.013838
-44.1,19,562.120755
-52.5,31,562.250548
-16.2,33,562.369162
-10.0,21,562.456403
-10.0,95,562.854197
-10.0,60,563.079965
-56.4,29,563.206905
-10.0,57,563.442908
-10.0,58,563.685438
-42.0,23,563.782543
-30.6,16,563.850709
-49.2,20,563.93369
-10.0,23,564.017689
-10.0,15,564.078951
-10.0,19,564.157795
-25.2,97,564.55516
-41.7,11,564.602731
